ID_mosta;Trieda_PK;Číslo_PK;Zemepisná_šírka;Zemepisná_dĺžka
M4786;cesta II. triedy;526;48.635671142;20.334794304
M663;cesta II. triedy;526;48.635961466;20.34173889
M424;cesta II. triedy;526;48.660172659;20.365448452
M2226;cesta II. triedy;526;48.660300728;20.365837539
M4574;cesta II. triedy;526;48.66765738;20.405645058
M6275;cesta II. triedy;526;48.664168771;20.441210078
M4123;cesta II. triedy;526;48.659717118;20.521444075
M6605;cesta II. triedy;526;48.655471183;20.529844368
M2496;cesta II. triedy;533;48.759283537;20.48030249
M5752;cesta II. triedy;533;48.788593345;20.472409591
M5279;cesta II. triedy;533;48.798340554;20.476363057
M6200;cesta II. triedy;533;48.843528897;20.50302787
M4105;cesta II. triedy;533;48.876349357;20.521712777
M686;cesta II. triedy;533;48.892856988;20.519249763
M1650;cesta II. triedy;533;48.902519819;20.518084431
M6132;cesta II. triedy;533;48.908389577;20.525495902
M4129;cesta II. triedy;533;48.936981122;20.557781413
M1667;cesta II. triedy;533;48.94299291;20.560954866
M3902;cesta II. triedy;533;48.951746362;20.569017574
M3907;cesta II. triedy;533;48.952221929;20.570955089
M6258;cesta II. triedy;533;48.961924688;20.581924895
M162;cesta II. triedy;535;48.853521574;20.38516586
M4697;cesta II. triedy;535;48.849945206;20.427461408
M423;cesta II. triedy;535;48.845049302;20.439658908
M547;cesta II. triedy;536;48.94896034;20.797983332
M953;cesta II. triedy;536;48.94553028;20.774208157
M7151;cesta II. triedy;536;48.945751818;20.706603021
M3671;cesta II. triedy;536;48.946056608;20.692394505
M4614;cesta II. triedy;536;48.941031839;20.656138328
M7068;cesta II. triedy;536;48.933801243;20.632193403
M589;cesta II. triedy;536;48.939201893;20.600290715
M6714;cesta II. triedy;536;48.939004797;20.590920226
M2432;cesta II. triedy;533;48.950958752;20.567512777
M3131;cesta II. triedy;536;48.956177864;20.514082033
M559;cesta II. triedy;536;48.974572131;20.490588889
M6053;cesta II. triedy;546;48.89504965;21.018301497
M112;cesta II. triedy;546;48.88934122;21.00937672
M3386;cesta II. triedy;546;48.878808695;20.997178589
M5552;cesta II. triedy;546;48.877378588;20.996927746
M38;cesta II. triedy;546;48.873555754;20.99195205
M6391;cesta II. triedy;546;48.86638463;20.959468079
M64;cesta II. triedy;546;48.838185208;20.921276911
M1517;cesta II. triedy;546;48.815674824;20.916990951
M3503;cesta II. triedy;546;48.814876932;20.914364825
M6577;cesta II. triedy;546;48.816654602;20.898554581
M7371;cesta II. triedy;546;48.816361992;20.893702884
M6581;cesta II. triedy;546;48.83181885;20.878339948
M5724;cesta II. triedy;546;48.831387884;20.87477482
M3586;cesta II. triedy;546;48.828424534;20.868692951
M4663;cesta II. triedy;546;48.824466931;20.846370588
M4537;cesta II. triedy;546;48.814649927;20.826345081
M3037;cesta II. triedy;546;48.808773649;20.80970416
M5760;cesta II. triedy;546;48.789324743;20.760116592
M1129;cesta II. triedy;546;48.797801146;20.747828252
M4617;cesta II. triedy;546;48.808559495;20.724030798
M2680;cesta II. triedy;546;48.812803008;20.711799914
M4699;cesta II. triedy;546;48.813302741;20.699863933
M5927;cesta II. triedy;546;48.812916195;20.695606247
M4635;cesta II. triedy;546;48.812706571;20.694586679
M1222;cesta II. triedy;546;48.80898824;20.677608688
M5943;cesta II. triedy;546;48.836915391;20.643745292
M6229;cesta II. triedy;546;48.839108417;20.627863515
M5793;cesta II. triedy;546;48.842268169;20.618769958
M6337;cesta II. triedy;546;48.853586827;20.584642993
M7380;cesta II. triedy;546;48.856098766;20.576593186
M746;cesta II. triedy;546;48.856420012;20.575251048
M6751;cesta II. triedy;546;48.86027765;20.574007708
M7326;cesta II. triedy;546;48.872547895;20.5609437
M4634;cesta II. triedy;546;48.876067976;20.546527332
M4871;cesta II. triedy;546;48.875935273;20.537433461
M5467;cesta II. triedy;546;48.87628;20.53392
M1911;cesta II. triedy;547;48.785001467;21.125962747
M2834;cesta II. triedy;547;48.787534447;21.125091711
M386;cesta II. triedy;547;48.792636055;21.120808693
M3589;cesta II. triedy;547;48.795763883;21.115395573
M5949;cesta II. triedy;547;48.799279511;21.109303249
M4361;cesta II. triedy;547;48.801408247;21.105624673
M7625;cesta II. triedy;547;48.803720104;21.101614016
M3739;cesta II. triedy;547;48.810527559;21.096159064
M496;cesta II. triedy;547;48.818958955;21.082412134
M854;cesta II. triedy;547;48.832535264;21.075912488
M836;cesta II. triedy;547;48.833629591;21.052127546
M6511;cesta II. triedy;547;48.851049916;21.024771607
M7415;cesta II. triedy;547;48.855907558;21.014802343
M3140;cesta II. triedy;547;48.857098122;21.012831483
M3211;cesta II. triedy;547;48.905345624;20.980714319
M3056;cesta II. triedy;547;48.911895816;20.943166578
M7519;cesta II. triedy;547;48.922141296;20.921902984
M6698;cesta II. triedy;547;48.924953476;20.912873229
M4426;cesta II. triedy;547;48.916078888;20.87203471
M4261;cesta II. triedy;547;48.921139947;20.861759682
M1953;cesta II. triedy;547;48.927049153;20.856260522
M5146;cesta II. triedy;547;48.928375732;20.850442564
M7490;cesta II. triedy;547;48.933109745;20.839562574
M7265;cesta II. triedy;547;48.939140715;20.824477869
M4502;cesta II. triedy;547;48.942237104;20.818109518
M7077;cesta II. triedy;547;48.970737647;20.782934546
M3473;cesta II. triedy;548;48.675077481;21.169523318
M7748;cesta II. triedy;548;48.676144417;21.166339165
M6447;cesta II. triedy;548;48.675850636;21.142274809
M6324;cesta II. triedy;548;48.677179034;21.101913461
M1150;cesta II. triedy;548;48.676919065;21.092921969
M3275;cesta II. triedy;548;48.688594325;21.011947654
M758;cesta II. triedy;548;48.683308017;20.974353653
M7787;cesta II. triedy;548;48.69328588;20.947909886
M5556;cesta II. triedy;548;48.697789872;20.913497137
M1410;cesta II. triedy;548;48.698733163;20.895423413
M1199;cesta II. triedy;548;48.705179144;20.885057342
M2624;cesta II. triedy;548;48.702744562;20.840056086
M4249;cesta II. triedy;548;48.703935135;20.822945393
M1923;cesta II. triedy;548;48.704837418;20.822005025
M7002;cesta II. triedy;548;48.707238384;20.810068603
M5950;cesta II. triedy;549;48.750226987;20.777506325
M737;cesta II. triedy;549;48.746411047;20.774833868
M3089;cesta II. triedy;549;48.739537165;20.760707173
M2859;cesta II. triedy;549;48.727480348;20.721915669
M7317;cesta II. triedy;549;48.71649;20.71077
M5311;cesta II. triedy;549;48.714149712;20.706429987
M7697;cesta II. triedy;549;48.71125;20.7023
M1149;cesta II. triedy;549;48.705421825;20.675724412
M4307;cesta II. triedy;549;48.667076407;20.610437258
M5425;cesta II. triedy;550;48.610115823;20.99885155
M2768;cesta II. triedy;550;48.629833537;21.00689378
M7185;cesta II. triedy;550;48.67964392;20.97843927
M210;cesta II. triedy;552;48.65736488;21.355820933
M5144;cesta II. triedy;552;48.657992053;21.381430465
M7439;cesta II. triedy;552;48.659074246;21.393667809
M3812;cesta II. triedy;552;48.652512241;21.404660619
M970;cesta II. triedy;552;48.636276214;21.489858746
M1269;cesta II. triedy;552;48.634472651;21.506611322
M7366;cesta II. triedy;552;48.631586741;21.51719487
M7674;cesta II. triedy;552;48.628394395;21.525536592
M7342;cesta II. triedy;552;48.638330234;21.557345589
M4225;cesta II. triedy;552;48.644235777;21.570122805
M666;cesta II. triedy;552;48.612259655;21.611900696
M5168;cesta II. triedy;552;48.607370095;21.622486674
M2243;cesta II. triedy;552;48.586175204;21.641792597
M3896;cesta II. triedy;552;48.563049339;21.65666687
M1327;cesta II. triedy;552;48.557260497;21.668611514
M5170;cesta II. triedy;552;48.546598943;21.706393235
M7745;cesta II. triedy;552;48.539236659;21.728025479
M2210;cesta II. triedy;552;48.520239824;21.752827678
M2774;cesta II. triedy;552;48.5087742;21.810387877
M7783;cesta II. triedy;552;48.513326189;21.821456189
M48;cesta II. triedy;552;48.516960259;21.829787355
M5206;cesta II. triedy;552;48.529519105;21.859635005
M1828;cesta II. triedy;552;48.562965859;21.923404491
M1683;cesta II. triedy;552;48.570076423;21.973821686
M1510;cesta II. triedy;552;48.569904059;21.981359643
M3088;cesta II. triedy;552;48.559274147;22.002019565
M6042;cesta II. triedy;552;48.557458261;22.043442596
M6283;cesta II. triedy;552;48.556913753;22.122719125
M3126;cesta II. triedy;554;48.728062479;21.787961359
M1077;cesta II. triedy;554;48.743426258;21.78339301
M5835;cesta II. triedy;554;48.760348961;21.783452658
M5827;cesta II. triedy;554;48.767907884;21.783111352
M2107;cesta II. triedy;554;48.777568989;21.780561976
M2387;cesta II. triedy;554;48.787931008;21.77831838
M3929;cesta II. triedy;555;48.678757672;21.994145752
M4356;cesta II. triedy;555;48.646087783;22.010958991
M4732;cesta II. triedy;555;48.628430211;22.04484632
M1027;cesta II. triedy;555;48.580595779;22.099673737
M1483;cesta II. triedy;555;48.547990802;22.072314208
M2479;cesta II. triedy;555;48.525329466;22.052432878
M861;cesta II. triedy;555;48.515104152;22.054069186
M3689;cesta II. triedy;555;48.510671424;22.054378469
M627;cesta II. triedy;555;48.507786888;22.054854333
M5487;cesta II. triedy;555;48.500417499;22.051980916
M946;cesta II. triedy;555;48.48620083;22.037739376
M14;cesta II. triedy;555;48.482675931;22.032557992
M7232;cesta II. triedy;566;48.784600003;22.248134777
M7656;cesta II. triedy;566;48.799169758;22.268006957
M2117;cesta II. triedy;566;48.817540541;22.299997342
M6735;cesta II. triedy;566;48.840389269;22.323375743
M260;cesta II. triedy;566;48.852290495;22.349716723
M2662;cesta II. triedy;566;48.85585315;22.353155722
M2663;cesta II. triedy;566;48.862892198;22.355341264
M7142;cesta II. triedy;576;48.81250111;21.51601848
M5726;cesta II. triedy;576;48.72122983;21.437092335
M7124;cesta II. triedy;576;48.69483659;21.438495025
M5479;cesta II. triedy;576;48.682710151;21.431801198
M3741;cesta II. triedy;576;48.658588964;21.400706398
M1608;cesta II. triedy;582;48.760147182;21.919972718
M6860;cesta II. triedy;582;48.789028749;21.946126892
M6554;cesta II. triedy;582;48.789078905;21.945979434
M3540;cesta II. triedy;582;48.797854258;21.957982963
M7805;cesta II. triedy;582;48.804894664;22.00272262
M2791;cesta II. triedy;582;48.809795897;22.02784283
M1193;cesta II. triedy;582;48.813337783;22.063572086
M237;cesta II. triedy;582;48.817488785;22.072052269
M721;cesta II. triedy;582;48.815475394;22.089635039
M6534;cesta II. triedy;582;48.822068203;22.118216662
M5218;cesta II. triedy;582;48.823363517;22.133893022
M368;cesta II. triedy;582;48.813337621;22.150155615
M3399;cesta II. triedy;582;48.775642047;22.165049132
M1100;cesta II. triedy;582;48.774333248;22.167099762
M2681;cesta II. triedy;582;48.762135745;22.178228921
M6663;cesta II. triedy;587;48.691827737;20.347266712
M7671;cesta II. triedy;587;48.677752118;20.355187192
M5790;cesta II. triedy;587;48.662551988;20.361538468
M6704;cesta II. triedy;587;48.594596406;20.384318765
M2190;cesta II. triedy;587;48.546589114;20.396332504
M6396;cesta II. triedy;587;48.525823867;20.407424116
M2738;cesta II. triedy;587;48.512465068;20.424070683
M4939;cesta II. triedy;587;48.504775264;20.43170738
M5020;cesta III. triedy;3071;48.982278114;20.403585874
M839;cesta III. triedy;3201;48.992774059;20.523902865
M3851;cesta III. triedy;3201;48.986033724;20.528920752
M5470;cesta III. triedy;3201;48.955124874;20.53142436
M6390;cesta III. triedy;3420;48.95043717;20.951782763
M4449;cesta III. triedy;3420;48.939115598;20.942766987
M3628;cesta III. triedy;3420;48.931043821;20.939838543
M557;cesta III. triedy;3420;48.923591485;20.933086423
M6728;cesta III. triedy;3420;48.923303881;20.932219202
M1324;cesta III. triedy;3420;48.922574747;20.932164024
M4223;cesta III. triedy;3420;48.92089;20.93142
M5262;cesta III. triedy;3270;48.933057728;20.916788866
M5012;cesta III. triedy;3270;48.941890952;20.910975623
M1653;cesta III. triedy;3270;48.942358833;20.910386057
M6045;cesta III. triedy;3290;48.800733196;21.476289899
M6567;cesta III. triedy;3290;48.809793948;21.459429974
M4799;cesta III. triedy;3290;48.817649462;21.446979301
M1731;cesta III. triedy;3290;48.824592498;21.419570185
M1360;cesta III. triedy;3290;48.82547887;21.415585011
M894;cesta III. triedy;3293;48.793850264;21.467889019
M7806;cesta III. triedy;3295;48.820308976;21.423791709
M3906;cesta III. triedy;3295;48.814008384;21.425515906
M5200;cesta III. triedy;3295;48.803670217;21.43218081
M66;cesta III. triedy;3295;48.782834738;21.430787154
M3918;cesta III. triedy;3295;48.753710988;21.432210125
M2542;cesta III. triedy;3295;48.750454836;21.434423107
M3465;cesta III. triedy;3731;48.843155829;21.832337829
M7664;cesta III. triedy;3731;48.843536354;21.827905911
M2861;cesta III. triedy;3732;48.76926975;21.853823037
M7093;cesta III. triedy;3732;48.766977295;21.845745182
M5657;cesta III. triedy;3732;48.773456696;21.835802267
M2760;cesta III. triedy;3732;48.77385663;21.78804218
M1794;cesta III. triedy;3733;48.792686131;21.814109762
M242;cesta III. triedy;3734;48.818363894;21.848347448
M4948;cesta III. triedy;3734;48.815697572;21.83007644
M5991;cesta III. triedy;3735;48.861296408;21.820086557
M1873;cesta III. triedy;3000;48.631885866;20.499558727
M4980;cesta III. triedy;3000;48.632765899;20.50244921
M2216;cesta III. triedy;3791;48.662666495;22.262757413
M1543;cesta III. triedy;2822;48.472144271;20.350441276
M1502;cesta III. triedy;2822;48.486698629;20.347195408
M3003;cesta III. triedy;2822;48.488547508;20.343168424
M7630;cesta III. triedy;3002;48.525609966;20.409349964
M6446;cesta III. triedy;3003;48.518538749;20.38031516
M4352;cesta III. triedy;3003;48.518884564;20.379001989
M68;cesta III. triedy;3004;48.491605333;20.486329137
M1615;cesta III. triedy;3005;48.538246856;20.360849031
M1987;cesta III. triedy;3009;48.571551713;20.463760992
M4212;cesta III. triedy;3010;48.637713775;20.472922856
M4972;cesta III. triedy;3012;48.6259406;20.580195102
M2274;cesta III. triedy;3012;48.626598991;20.582042009
M6445;cesta III. triedy;3014;48.666901517;20.594003225
M1347;cesta III. triedy;3014;48.676135122;20.604566916
M7633;cesta III. triedy;3014;48.677725157;20.607000574
M415;cesta III. triedy;3015;48.638165197;20.630448482
M6269;cesta III. triedy;3015;48.638701608;20.645119156
M1166;cesta III. triedy;3015;48.64937462;20.679464895
M2737;cesta III. triedy;3015;48.646016199;20.691686721
M2081;cesta III. triedy;3015;48.63894485;20.697671955
M6486;cesta III. triedy;3015;48.63310161;20.704245258
M1749;cesta III. triedy;3015;48.631959172;20.720173689
M4438;cesta III. triedy;3016;48.63556239;20.720983757
M1301;cesta III. triedy;3018;48.574031871;20.644026247
M1097;cesta III. triedy;3299;48.586704561;20.85319567
M3469;cesta III. triedy;3300;48.579924543;20.887345459
M2865;cesta III. triedy;3300;48.581481961;20.887894895
M5691;cesta III. triedy;3301;48.569226813;20.857662416
M7350;cesta III. triedy;3302;48.597732754;20.87826626
M1439;cesta III. triedy;3302;48.593719968;20.894112133
M3361;cesta III. triedy;3302;48.585079238;20.915415533
M6977;cesta III. triedy;3302;48.555864598;20.96670191
M4885;cesta III. triedy;3302;48.541334994;21.039277736
M1645;cesta III. triedy;3302;48.538645226;21.059873099
M1010;cesta III. triedy;3302;48.533637104;21.089756399
M2126;cesta III. triedy;3302;48.531585733;21.105936647
M219;cesta III. triedy;3302;48.531773094;21.129379756
M2473;cesta III. triedy;3302;48.534644032;21.172390566
M7406;cesta III. triedy;3306;48.628346896;20.855433046
M1716;cesta III. triedy;3306;48.634035603;20.850337256
M4612;cesta III. triedy;3306;48.64164215;20.848633151
M3394;cesta III. triedy;3306;48.644175115;20.847222699
M6513;cesta III. triedy;3306;48.649480473;20.846342468
M1126;cesta III. triedy;3306;48.660182771;20.844566213
M683;cesta III. triedy;3307;48.587895309;20.991008695
M6947;cesta III. triedy;3307;48.57797315;20.977811695
M4280;cesta III. triedy;3307;48.562066716;20.960200427
M4153;cesta III. triedy;3308;48.581888716;20.938904093
M366;cesta III. triedy;3308;48.582098981;20.93542196
M2415;cesta III. triedy;3310;48.589290267;21.032562194
M3219;cesta III. triedy;3310;48.579523798;21.049571948
M1001;cesta III. triedy;3310;48.557611441;21.076614424
M5017;cesta III. triedy;3310;48.554847298;21.081101051
M1475;cesta III. triedy;3313;48.63610693;21.077317079
M5234;cesta III. triedy;3313;48.643082901;21.067829561
M1884;cesta III. triedy;3400;48.592215248;21.165801759
M2946;cesta III. triedy;3400;48.570132617;21.115747049
M2822;cesta III. triedy;3400;48.546900817;21.081204476
M6366;cesta III. triedy;3315;48.560312999;21.178830518
M7122;cesta III. triedy;3315;48.541379203;21.186042227
M4657;cesta III. triedy;3318;48.609046628;21.229399778
M671;cesta III. triedy;3403;48.709098831;21.151023282
M2122;cesta III. triedy;3404;48.721652152;21.179572432
M2264;cesta III. triedy;3404;48.724018066;21.164908469
M2747;cesta III. triedy;3404;48.724831771;21.145111929
M2055;cesta III. triedy;3319;48.724795956;21.14495366
M1021;cesta III. triedy;3319;48.724756663;21.144731799
M7730;cesta III. triedy;3319;48.729337677;21.103741381
M2296;cesta III. triedy;3319;48.726358108;21.06769497
M4073;cesta III. triedy;3319;48.741783424;21.020140886
M6711;cesta III. triedy;3319;48.747928479;21.003379825
M6850;cesta III. triedy;3319;48.754621928;21.00413099
M3617;cesta III. triedy;3410;48.705902489;21.339134452
M5636;cesta III. triedy;3410;48.712024895;21.362075835
M207;cesta III. triedy;3410;48.705884321;21.413657872
M1019;cesta III. triedy;3321;48.704243306;21.345872669
M4755;cesta III. triedy;3322;48.703602;21.412776637
M5114;cesta III. triedy;3322;48.676334781;21.406518683
M380;cesta III. triedy;3324;48.736792332;21.326249713
M5706;cesta III. triedy;3325;48.757330887;21.341492608
M1773;cesta III. triedy;3325;48.778834823;21.330723475
M1636;cesta III. triedy;3325;48.802875936;21.328613805
M1330;cesta III. triedy;3325;48.812242989;21.327060328
M2138;cesta III. triedy;3325;48.813997977;21.325406184
M5199;cesta III. triedy;3326;48.793951231;21.35223188
M1613;cesta III. triedy;3650;48.753967766;21.683868853
M3837;cesta III. triedy;3652;48.741694961;21.647352247
M823;cesta III. triedy;3652;48.750237355;21.64395938
M3032;cesta III. triedy;3652;48.761532429;21.660671824
M6219;cesta III. triedy;3653;48.700848599;21.6547222
M7456;cesta III. triedy;3653;48.689652525;21.627666529
M6444;cesta III. triedy;3653;48.683664354;21.618842128
M3216;cesta III. triedy;3653;48.659307406;21.610414172
M5194;cesta III. triedy;3653;48.658491725;21.59892308
M3383;cesta III. triedy;3653;48.65315743;21.584219594
M3395;cesta III. triedy;3654;48.700819479;21.647025654
M3214;cesta III. triedy;3655;48.69215783;21.64676529
M1234;cesta III. triedy;3656;48.690686712;21.653474545
M1843;cesta III. triedy;3736;48.677356328;21.71896275
M1814;cesta III. triedy;3737;48.717995636;21.75164219
M5717;cesta III. triedy;3737;48.724867653;21.736679422
M5642;cesta III. triedy;3737;48.727737421;21.717112163
M6936;cesta III. triedy;3737;48.729655583;21.714484485
M2677;cesta III. triedy;3737;48.730689404;21.697686599
M4443;cesta III. triedy;3738;48.697670259;21.850470723
M2197;cesta III. triedy;3739;48.684905053;21.888502865
M1029;cesta III. triedy;3739;48.64530669;21.896848847
M3139;cesta III. triedy;3739;48.583993777;21.917318711
M6993;cesta III. triedy;3739;48.568436338;21.912021983
M3042;cesta III. triedy;3740;48.659021334;21.887137355
M6415;cesta III. triedy;3740;48.655164125;21.874425804
M1687;cesta III. triedy;3741;48.793905981;21.900719962
M6027;cesta III. triedy;3741;48.81232593;21.892627403
M3892;cesta III. triedy;3741;48.865021459;21.870360967
M158;cesta III. triedy;3741;48.877372174;21.850616347
M2572;cesta III. triedy;3743;48.809650325;22.086398816
M957;cesta III. triedy;3743;48.796528992;22.078387553
M6588;cesta III. triedy;3743;48.784397432;22.069601952
M6362;cesta III. triedy;3743;48.69659686;22.106195838
M6141;cesta III. triedy;3743;48.693989527;22.11159234
M2637;cesta III. triedy;3743;48.689769302;22.129920005
M912;cesta III. triedy;3743;48.685011938;22.13662024
M4294;cesta III. triedy;3792;48.746762834;22.103918135
M6122;cesta III. triedy;3792;48.76110328;22.121872374
M1482;cesta III. triedy;3792;48.848868184;22.184332629
M1748;cesta III. triedy;3794;48.821445139;22.175656899
M7480;cesta III. triedy;3795;48.720189711;22.261064275
M4884;cesta III. triedy;3744;48.685556929;21.930700919
M3497;cesta III. triedy;3744;48.654991885;21.939319499
M5993;cesta III. triedy;3744;48.640226513;21.930185189
M2262;cesta III. triedy;3744;48.638010906;21.925829222
M5656;cesta III. triedy;3744;48.613754958;21.946522375
M7025;cesta III. triedy;3744;48.60464863;21.953871579
M404;cesta III. triedy;3746;48.815016913;21.93295158
M506;cesta III. triedy;3747;48.805686652;21.963972925
M5602;cesta III. triedy;3797;48.752087528;22.141216012
M6603;cesta III. triedy;3797;48.736127528;22.122080064
M6770;cesta III. triedy;3797;48.729683327;22.115804247
M1899;cesta III. triedy;3797;48.711007925;22.111159625
M1121;cesta III. triedy;3798;48.745902816;22.15004111
M4845;cesta III. triedy;3798;48.745398948;22.149667706
M1568;cesta III. triedy;3329;48.597983169;20.873729203
M7100;cesta III. triedy;3329;48.601338983;20.878605647
M5854;cesta III. triedy;3799;48.774259212;22.201606037
M3215;cesta III. triedy;3800;48.757282683;22.200780835
M5289;cesta III. triedy;3801;48.737126168;22.214890406
M6261;cesta III. triedy;3801;48.735786895;22.221621708
M3625;cesta III. triedy;3801;48.728414895;22.258461063
M213;cesta III. triedy;3801;48.716476924;22.29637629
M295;cesta III. triedy;3801;48.711934206;22.315780596
M5815;cesta III. triedy;3802;48.748253043;22.267610622
M4797;cesta III. triedy;3803;48.683241134;22.228912775
M4953;cesta III. triedy;3805;48.650474278;22.252458157
M687;cesta III. triedy;3805;48.650277991;22.236639112
M7184;cesta III. triedy;3023;48.549400558;20.404957062
M3283;cesta III. triedy;3331;48.769907629;21.31913629
M7217;cesta III. triedy;3026;48.631712158;20.616162658
M4780;cesta III. triedy;3026;48.631386485;20.616672527
M2147;cesta III. triedy;3026;48.628693556;20.621192909
M2090;cesta III. triedy;3333;48.602634795;20.8392421
M5431;cesta III. triedy;3027;48.6820947;20.522552435
M5321;cesta III. triedy;3028;48.680095478;20.518578199
M5204;cesta III. triedy;3030;48.725808594;20.405591584
M6292;cesta III. triedy;3030;48.743117651;20.374991181
M5486;cesta III. triedy;3031;48.739712896;20.417627156
M1065;cesta III. triedy;3032;48.797817738;20.389451145
M1765;cesta III. triedy;3033;48.799793991;20.385068153
M3897;cesta III. triedy;3033;48.786947111;20.321401399
M3722;cesta III. triedy;3033;48.793277068;20.29299029
M1528;cesta III. triedy;3034;48.815313911;20.383325949
M1621;cesta III. triedy;3035;48.870770232;20.341409123
M6699;cesta III. triedy;3036;48.874451791;20.296753224
M6531;cesta III. triedy;3440;48.859550187;21.431210684
M462;cesta III. triedy;3440;48.854070436;21.427444129
M6237;cesta III. triedy;3440;48.852100084;21.427572079
M1739;cesta III. triedy;3440;48.842200633;21.420510974
M1307;cesta III. triedy;3440;48.837504541;21.419704573
M753;cesta III. triedy;3440;48.807895605;21.400910203
M2558;cesta III. triedy;3440;48.798543812;21.391588854
M2766;cesta III. triedy;3440;48.793554905;21.394697883
M2374;cesta III. triedy;3440;48.784018528;21.39279834
M3760;cesta III. triedy;3440;48.762397687;21.358037946
M1601;cesta III. triedy;3335;48.863519213;21.386066823
M4047;cesta III. triedy;3336;48.813280639;21.315929131
M7173;cesta III. triedy;3446;48.862740238;21.421430114
M1654;cesta III. triedy;3446;48.854122931;21.422843939
M4214;cesta III. triedy;3337;48.804976832;21.253153093
M3938;cesta III. triedy;3338;48.796546279;21.257222852
M6874;cesta III. triedy;3339;48.781621274;21.314422356
M1230;cesta III. triedy;3339;48.778002799;21.328429816
M6228;cesta III. triedy;3416;48.60656687;21.336483834
M579;cesta III. triedy;3416;48.606295168;21.339360197
M5676;cesta III. triedy;3416;48.604537087;21.344484887
M4137;cesta III. triedy;3416;48.588631655;21.375921754
M4007;cesta III. triedy;3416;48.586013421;21.380635772
M2121;cesta III. triedy;3342;48.600253522;21.347532011
M2832;cesta III. triedy;3342;48.59756107;21.349444033
M4164;cesta III. triedy;3342;48.567248963;21.332120627
M91;cesta III. triedy;3343;48.613507243;21.276919346
M1607;cesta III. triedy;3345;48.584567132;21.270744058
M2820;cesta III. triedy;3345;48.580940376;21.273619093
M5084;cesta III. triedy;3346;48.560558371;21.25883166
M5320;cesta III. triedy;3346;48.563073444;21.273936967
M7107;cesta III. triedy;3037;48.61866775;20.350298434
M7007;cesta III. triedy;3038;48.728864549;20.32739467
M2143;cesta III. triedy;3038;48.740249542;20.324963267
M5003;cesta III. triedy;3038;48.786255659;20.317201905
M2119;cesta III. triedy;3039;48.669846916;20.361143129
M7228;cesta III. triedy;3040;48.678417116;20.339320722
M4839;cesta III. triedy;3040;48.702217466;20.300716365
M3801;cesta III. triedy;3040;48.712459883;20.284230274
M4392;cesta III. triedy;3040;48.724069111;20.25620024
M4360;cesta III. triedy;3040;48.722463252;20.254659252
M1258;cesta III. triedy;3042;48.706524703;20.337836949
M531;cesta III. triedy;3043;48.722953303;20.330603486
M725;cesta III. triedy;3241;48.9334845;20.750540385
M5018;cesta III. triedy;3241;48.927717534;20.748303226
M6471;cesta III. triedy;3243;48.926344644;20.718015272
M1738;cesta III. triedy;3243;48.9249059;20.708990109
M1061;cesta III. triedy;3243;48.926113724;20.697359954
M4394;cesta III. triedy;3244;48.938770102;20.58434259
M3500;cesta III. triedy;3244;48.913047562;20.633222172
M873;cesta III. triedy;3244;48.90818;20.6444
M3639;cesta III. triedy;3244;48.907608202;20.650279075
M3871;cesta III. triedy;3244;48.888935603;20.676795156
M3429;cesta III. triedy;3244;48.883368773;20.678954922
M4896;cesta III. triedy;3247;48.948903142;20.620982158
M3729;cesta III. triedy;3248;48.935147451;20.573062487
M3575;cesta III. triedy;3248;48.932118641;20.577358842
M7088;cesta III. triedy;3248;48.916990741;20.582878735
M669;cesta III. triedy;3250;48.972527882;20.479667951
M7358;cesta III. triedy;3250;48.971648985;20.477464517
M5356;cesta III. triedy;3226;48.98511012;20.475895071
M7707;cesta III. triedy;3226;48.984690633;20.473494711
M6938;cesta III. triedy;3227;48.975852066;20.409029838
M44;cesta III. triedy;3227;48.970419688;20.397339926
M286;cesta III. triedy;3227;48.885476176;20.313739171
M5679;cesta III. triedy;3253;48.917524741;20.626388169
M5345;cesta III. triedy;3271;48.893102488;21.018328654
M4444;cesta III. triedy;3272;48.868821572;20.962027928
M1438;cesta III. triedy;3272;48.874654896;20.950263031
M6688;cesta III. triedy;3273;48.848681353;20.932527264
M7424;cesta III. triedy;3273;48.858755815;20.909870893
M3155;cesta III. triedy;3276;48.797920309;20.607773073
M6349;cesta III. triedy;3276;48.787229729;20.598925204
M3306;cesta III. triedy;3277;48.847758566;20.61184467
M5022;cesta III. triedy;3277;48.853634326;20.614222772
M6039;cesta III. triedy;3277;48.861799059;20.626579373
M3660;cesta III. triedy;3279;48.838294144;20.618450337
M6908;cesta III. triedy;3279;48.813171685;20.574186893
M6989;cesta III. triedy;3390;48.797834952;21.241557143
M1634;cesta III. triedy;3390;48.800273298;21.244516642
M96;cesta III. triedy;3349;48.794749705;21.117810019
M6071;cesta III. triedy;3349;48.803206614;21.109557356
M952;cesta III. triedy;3349;48.804938316;21.107087616
M3482;cesta III. triedy;3349;48.805378749;21.105642926
M2645;cesta III. triedy;3349;48.806860762;21.102153069
M1093;cesta III. triedy;3349;48.808640883;21.099510724
M1266;cesta III. triedy;3351;48.799180365;21.244900947
M991;cesta III. triedy;3352;48.79739631;21.240555517
M2328;cesta III. triedy;3352;48.804373013;21.228838528
M4215;cesta III. triedy;3353;48.857232946;21.227551611
M2230;cesta III. triedy;3353;48.855616283;21.22370503
M6259;cesta III. triedy;3353;48.853056874;21.220912315
M4959;cesta III. triedy;3354;48.85803;21.1848
M7069;cesta III. triedy;3354;48.880027691;21.127223797
M5005;cesta III. triedy;3354;48.877794581;21.110820513
M7063;cesta III. triedy;3354;48.866930255;21.092958178
M7266;cesta III. triedy;3354;48.861166621;21.098032527
M3340;cesta III. triedy;3355;48.876526257;21.13280158
M795;cesta III. triedy;3357;48.788202006;21.058445402
M1910;cesta III. triedy;3280;48.914543105;20.952865407
M772;cesta III. triedy;3281;48.845476561;21.011207485
M5337;cesta III. triedy;3281;48.821814825;20.988266639
M5560;cesta III. triedy;3255;48.909788061;20.872880475
M150;cesta III. triedy;3255;48.898889957;20.868521351
M7064;cesta III. triedy;3255;48.896173553;20.865303666
M4922;cesta III. triedy;3255;48.892283631;20.861363773
M6615;cesta III. triedy;3255;48.878472559;20.843942491
M967;cesta III. triedy;3257;48.940944154;20.824410814
M2307;cesta III. triedy;3257;48.953319924;20.841058292
M7597;cesta III. triedy;3257;48.958924771;20.843639722
M1201;cesta III. triedy;3257;48.960417579;20.842364995
M4951;cesta III. triedy;3259;48.964453795;20.820985469
M2380;cesta III. triedy;3260;48.938856577;20.802970901
M4314;cesta III. triedy;3261;48.980847918;20.791696929
M5655;cesta III. triedy;3358;48.689725735;21.009341097
M5925;cesta III. triedy;3358;48.730079422;21.032391262
M5462;cesta III. triedy;3359;48.687964677;20.975124064
M3961;cesta III. triedy;3359;48.689360923;20.974535229
M6945;cesta III. triedy;3359;48.718503649;20.983769566
M2169;cesta III. triedy;3359;48.720865396;20.983731138
M2421;cesta III. triedy;3360;48.675044876;21.115519369
M852;cesta III. triedy;3363;48.685797334;21.073730583
M5599;cesta III. triedy;3363;48.691132738;21.056861401
M2575;cesta III. triedy;3364;48.64795757;21.003388378
M2975;cesta III. triedy;3365;48.597028712;21.01729531
M6866;cesta III. triedy;3365;48.593722162;21.023851846
M1640;cesta III. triedy;3366;48.675644997;21.352361297
M2788;cesta III. triedy;3368;48.639784652;21.367003023
M4649;cesta III. triedy;3368;48.611130973;21.359797045
M1948;cesta III. triedy;3370;48.638514165;21.375915627
M1212;cesta III. triedy;3371;48.630434518;21.476951273
M3309;cesta III. triedy;3371;48.616205027;21.472659483
M6234;cesta III. triedy;3372;48.6501848;21.493968083
M5586;cesta III. triedy;3374;48.627722261;21.522999403
M294;cesta III. triedy;3374;48.600130834;21.556887206
M3261;cesta III. triedy;3374;48.572756991;21.567526116
M6642;cesta III. triedy;3374;48.51921903;21.591723437
M6716;cesta III. triedy;3374;48.512201003;21.608991207
M7009;cesta III. triedy;3374;48.510868883;21.611094224
M2431;cesta III. triedy;3374;48.509939372;21.612452208
M2345;cesta III. triedy;3374;48.509471894;21.614846509
M6081;cesta III. triedy;3658;48.526482046;21.581553157
M3311;cesta III. triedy;3658;48.53066517;21.547346828
M5712;cesta III. triedy;3659;48.578677773;21.576882573
M4506;cesta III. triedy;3659;48.578414549;21.572776023
M2487;cesta III. triedy;3661;48.515778431;21.619368395
M4854;cesta III. triedy;3663;48.47905903;21.794083863
M2809;cesta III. triedy;3664;48.513780623;21.712744898
M314;cesta III. triedy;3665;48.487150132;21.744788158
M1935;cesta III. triedy;3667;48.503655348;21.772172946
M4639;cesta III. triedy;3667;48.499538649;21.775559911
M3554;cesta III. triedy;3667;48.48304448;21.771713822
M3994;cesta III. triedy;3667;48.458650692;21.744477751
M5844;cesta III. triedy;3667;48.458146519;21.743658422
M524;cesta III. triedy;3667;48.421438604;21.727496177
M2069;cesta III. triedy;3667;48.40892188;21.709821229
M4946;cesta III. triedy;3668;48.503237361;21.777386322
M647;cesta III. triedy;3670;48.42524022;21.716677436
M350;cesta III. triedy;3754;48.568756865;22.066648113
M5734;cesta III. triedy;3754;48.604700858;22.157007417
M4319;cesta III. triedy;3754;48.617912334;22.155201956
M1623;cesta III. triedy;3754;48.639751209;22.166406344
M922;cesta III. triedy;3754;48.650937711;22.199927904
M1700;cesta III. triedy;3754;48.661799124;22.207428507
M7561;cesta III. triedy;3754;48.673493653;22.210136144
M5753;cesta III. triedy;3754;48.682312848;22.198970927
M2039;cesta III. triedy;3754;48.682922003;22.195657917
M1374;cesta III. triedy;3754;48.68334445;22.190315604
M7622;cesta III. triedy;3754;48.706925841;22.177532263
M2906;cesta III. triedy;3754;48.71978795;22.168522736
M4369;cesta III. triedy;3754;48.728272414;22.173997241
M7170;cesta III. triedy;3807;48.626216896;22.16863466
M7557;cesta III. triedy;3810;48.64582119;22.226394562
M4923;cesta III. triedy;3755;48.538735142;22.040764748
M5523;cesta III. triedy;3756;48.529530773;22.113764625
M483;cesta III. triedy;3757;48.547570702;22.121609419
M4664;cesta III. triedy;3757;48.500088274;22.138851654
M7593;cesta III. triedy;3672;48.568185024;21.663737889
M4516;cesta III. triedy;3761;48.567240776;22.033868623
M556;cesta III. triedy;3761;48.562067325;22.049100893
M5625;cesta III. triedy;3673;48.756286566;21.718415589
M6397;cesta III. triedy;3673;48.757799942;21.720099065
M3331;cesta III. triedy;3673;48.758379018;21.721212191
M2472;cesta III. triedy;3673;48.764256304;21.735034355
M5368;cesta III. triedy;3676;48.633661708;21.690297446
M4239;cesta III. triedy;3676;48.626025303;21.640785716
M1874;cesta III. triedy;3677;48.556054392;21.720563683
M4957;cesta III. triedy;3679;48.523743958;21.693828402
M5363;cesta III. triedy;3680;48.467525191;21.678427801
M5367;cesta III. triedy;3683;48.400443133;21.667657477
M516;cesta III. triedy;3685;48.467500216;21.793239829
M4779;cesta III. triedy;3686;48.351414733;21.739870201
M1772;cesta III. triedy;3689;48.334084839;21.829535191
M3629;cesta III. triedy;3690;48.369701863;21.83658618
M4790;cesta III. triedy;3690;48.372206842;21.859730268
M3841;cesta III. triedy;3690;48.396813046;21.932453253
M3406;cesta III. triedy;3695;48.47525;21.90051
M7323;cesta III. triedy;3696;48.460239021;21.859166634
M3191;cesta III. triedy;3697;48.415323345;21.919415696
M338;cesta III. triedy;3697;48.397779135;21.925699931
M3207;cesta III. triedy;3698;48.415325996;21.982685987
M5504;cesta III. triedy;3698;48.404524779;21.989662386
M7288;cesta III. triedy;3699;48.420971401;22.024812808
M3666;cesta III. triedy;3699;48.407328495;22.026060379
M3523;cesta III. triedy;3699;48.401403274;22.066795048
M2338;cesta III. triedy;3700;48.455014312;22.054197944
M883;cesta III. triedy;3700;48.425644607;22.053278909
M917;cesta III. triedy;3710;48.635651368;21.71719906
M1051;cesta III. triedy;3710;48.635575951;21.718648931
M7632;cesta III. triedy;3710;48.637586115;21.726749716
M3061;cesta III. triedy;3710;48.638983614;21.745229928
M3064;cesta III. triedy;3711;48.390126878;21.967211889
M1417;cesta III. triedy;3711;48.38939;21.96941
M3039;cesta III. triedy;3714;48.540542457;21.889180611
M2312;cesta III. triedy;3715;48.452292494;21.945714119
M2940;cesta III. triedy;3715;48.453566211;21.930206638
M2598;cesta III. triedy;3769;48.581635761;21.839986487
M7544;cesta III. triedy;3769;48.578115316;21.827174916
M2154;cesta III. triedy;3770;48.726740437;21.977807643
M5358;cesta III. triedy;3770;48.716549164;22.000214868
M2840;cesta III. triedy;3770;48.709797232;22.030501627
M3534;cesta III. triedy;3771;48.663960065;22.007322452
M1770;cesta III. triedy;3772;48.618590184;21.980320239
M5580;cesta III. triedy;3772;48.611927817;21.970478587
M3546;cesta III. triedy;3774;48.62614467;22.089628357
M633;cesta III. triedy;3812;48.809076177;22.294837505
M614;cesta III. triedy;3812;48.822098987;22.356256544
M6794;cesta III. triedy;3813;48.864280757;22.332349335
M5131;cesta III. triedy;3813;48.85923468;22.311734505
M4016;cesta III. triedy;3813;48.858399999;22.308475883
M9551;cesta II. triedy;533;48.827185;20.497086
M9490;cesta III. triedy;3012;48.63157;20.55063
M9492;cesta III. triedy;3318;48.612;21.24135
M9493;cesta III. triedy;3401;48.61665;21.24087
M9659;cesta II. triedy;587;48.6465;20.37055
M9691;cesta III. triedy;3325;48.74087;21.34563
M9859;cesta III. triedy;3741;48.87788;21.85255
