Time,P_4_pv0,P_4_pv1,P_4_pv3,P_8_pv0,P_8_pv1,P_8_pv3,P_26_pv0,P_26_pv1,P_26_pv3,P_2_pv0,P_2_pv1,P_2_pv3
2025-02-15 00:00:00+00:00,3226.48999,312.87474825,-5.273082614,2450.644348,237.683818825,-5.09404015525,3414.67614775,331.21627045,-5.021250605500001,3359.489563,325.96603392500003,-4.69907164575
2025-02-15 01:00:00+00:00,3292.064453,319.03663635,-5.8678554295000005,2518.1311035,244.09111024999999,-5.64509046075,3498.159729,339.09906005000005,-5.613092422499999,3436.77612325,333.253875725,-5.3080118894999995
2025-02-15 02:00:00+00:00,3275.446695666667,317.28930663333335,-6.284969806666666,2504.853841,242.70694476666668,-6.040709972333333,3462.6917316666663,335.5198059,-6.019540786666667,3421.875325333333,331.6719970666666,-5.707539558666667
2025-02-15 03:00:00+00:00,3326.146321666667,322.07704673333336,-6.655267715666667,2552.5657553333335,247.2236328,-6.442598819666666,3526.0577799999996,341.52900189999997,-6.391467094333333,3473.0037436666667,336.4801940666667,-6.130923271
2025-02-15 04:00:00+00:00,3274.1726075,316.863700875,-7.205667019,2496.73376475,241.693553925,-6.9369809625,3460.5825195,335.00456235,-6.91670739625,3405.8045045,329.79206085,-6.64973115925
2025-02-16 00:00:00+00:00,3336.9375,322.55756633333334,-8.345546722333333,2559.5117186666666,247.8050893,-6.800195217,3533.4554040000003,341.5526428,-8.345546722333333,3477.2381186666667,336.77782186666667,-6.453346252333333
2025-02-16 01:00:00+00:00,3368.197571,325.59417725000003,-8.300684214,2589.7539672499997,250.68083570000002,-7.00170993775,3572.7283325,345.381668075,-8.255984783499999,3515.5802005,340.372657775,-6.79042482375
2025-02-16 02:00:00+00:00,3237.497558333333,312.8912760333333,-8.514900207333334,2460.9414873333335,238.1599172,-7.212180614666667,3418.9134926666666,330.4162801,-8.54095459,3362.1591796666667,325.4666544666666,-6.945122877666667
2025-02-16 03:00:00+00:00,3358.5716960000004,324.4647115,-8.893991470666666,2580.947591,249.66594443333335,-7.630027771000001,3556.0769043333335,343.55514523333335,-8.866634369,3501.638753333333,338.79402666666664,-7.440156459666667
2025-02-16 04:00:00+00:00,3284.9637860000003,317.28296916666665,-9.108614603666666,2508.6106773333336,242.6272176,-7.791890621,3481.348877,336.24139403333334,-9.135971705000001,3425.8732096666668,331.4216207,-7.563914776
2025-02-17 00:00:00+00:00,3333.7022095,321.90895845,-9.35515403725,2553.61065675,247.020488725,-7.654860854,3533.283386,341.086357125,-9.6238398555,3474.5617065,336.120803825,-7.596482754
2025-02-17 01:00:00+00:00,3392.68023675,327.61221312500004,-9.330728054,2615.6328734999997,253.042137175,-7.553493023,3598.1129152500002,347.358352675,-9.5854911805,3538.82690425,342.32650755,-7.6277480125
2025-02-17 02:00:00+00:00,3214.9576415,310.408370975,-9.4614071845,2440.85034175,236.07707215,-7.7650220395,3394.87982175,327.69934845,-9.69980478275,3343.2628175,323.34133149999997,-7.82755255675
2025-02-17 03:00:00+00:00,3398.9487303333335,328.25111896666664,-9.229116121999999,2618.2010093333333,253.24713643333334,-7.723497867666667,3596.830647666667,347.2695922666667,-9.485425949000001,3535.0559893333334,341.9399821,-7.687021732000001
2025-02-17 04:00:00+00:00,3415.026245,329.897651675,-8.9570105075,2636.44311525,255.0732498,-7.47752821425,3622.00158675,349.82772827499997,-9.13483166675,3561.44195575,344.59732055,-7.3949683905
2025-02-18 00:00:00+00:00,3380.29870625,327.39901735,-6.424035072,2603.6381225,252.39266205,-5.5925745965,3576.510681,346.46284485,-6.25696134575,3520.8583375,341.470596325,-5.129457950500001
2025-02-18 01:00:00+00:00,3385.0843099999997,327.8382059666667,-6.496010303333333,2608.2825523333336,252.81860856666665,-5.685719013,3579.410970333333,346.70419310000005,-6.370623588333333,3522.8122559999997,341.6161193666667,-5.253867626
2025-02-18 02:00:00+00:00,3387.5303955,328.04202269999996,-6.592574358,2611.709717,253.12262725,-5.788959503,3586.4384765,347.3647156,-6.424035072,3530.8217775,342.34155275,-5.398143768
2025-02-18 03:00:00+00:00,3385.4921265000003,327.8357086,-6.61944294,2607.6241455,252.694755575,-5.91499757775,3585.2620850000003,347.201484675,-6.56130909925,3528.50085425,342.053459175,-5.575720668
2025-02-18 04:00:00+00:00,3346.6674195,324.029075625,-6.7591595645,2567.79229725,248.800678275,-6.0493404865,3537.447876,342.543243375,-6.64386892325,3477.83471675,337.089141825,-5.7264289855
2025-02-19 00:00:00+00:00,3279.656575333333,316.55813596666667,-9.762905120666668,2502.6932783333336,241.9014994,-8.410682677999999,3467.8416340000003,334.6731058666667,-9.908809660333334,3408.561849,329.5283915333334,-8.212017854
2025-02-19 01:00:00+00:00,3165.630534,305.36548866666664,-10.354339600000001,2387.8920086666667,230.69596860000001,-8.866634369,3340.9247233333335,322.1888733,-10.612929346666666,3283.073160666667,317.20895383333334,-8.780654906999999
2025-02-19 02:00:00+00:00,3150.3730469999996,303.78763836666667,-10.690441133333332,2375.506185,229.37079873333334,-9.428431828666668,3319.2111813333336,319.9825439333333,-10.989415166666666,3268.3070476666667,315.60909016666665,-9.312164306666666
2025-02-19 03:00:00+00:00,3286.2486163333338,316.7295532,-11.178960803333334,2507.266357666667,241.84821573333332,-10.39732933,3478.220784333333,335.08479816666664,-11.602344513333334,3419.81543,329.8928019333333,-10.325028416666667
2025-02-19 04:00:00+00:00,3297.3426515,317.65719605,-11.614068985,2518.0406494999997,242.92546844999998,-10.24572563,3493.0235595,336.41116335000004,-11.89545631,3433.46521,331.19100949999995,-10.38104534
2025-02-20 00:00:00+00:00,3249.5010985,313.50798035,-10.189545635,2474.721802,239.24362945000001,-8.2315587995,3421.847168,329.98435975,-10.634587289999999,3361.611328,325.12078855000004,-7.815339804
2025-02-20 01:00:00+00:00,3378.0292965,325.8860016,-10.255984305,2600.116699,251.29199979999999,-8.508060932,3571.5083004999997,344.3615112,-10.790424819999998,3513.3050535,339.61730955,-8.3136301045
2025-02-20 02:00:00+00:00,3299.888916,318.30711365,-10.37982416,2523.2730105,243.79089355,-8.806790828499999,3483.49969475,335.8232956,-10.94284296,3426.00823975,331.096138025,-8.55349326125
2025-02-20 03:00:00+00:00,3292.2156985,317.4467087,-10.7474350925,2516.0391234999997,243.024768825,-9.075476408250001,3477.8519285,335.144744875,-11.3312160975,3420.01385475,330.358268725,-9.01807546625
2025-02-20 04:00:00+00:00,3223.8666176666666,310.83186846666666,-10.82299296,2448.4992676666666,236.38576253333335,-9.553818702333333,3395.5412596666665,327.17168169999997,-11.452531496666666,3338.033203333334,322.3028564333333,-9.428757667666666
2025-02-21 00:00:00+00:00,3208.505371,310.12789914999996,-8.389350891,2428.546631,234.99219515,-7.352222919,3370.5378419999997,325.65263365,-8.797264576,3312.5932615,320.66505435,-6.951636553
2025-02-21 01:00:00+00:00,3256.401937,314.582489,-8.931770324666667,2482.3315433333332,240.015213,-8.085002740333332,3430.0908203333333,331.2357482666667,-9.302068074333333,3378.4436036666666,326.8207397333333,-7.602344989666666
2025-02-21 02:00:00+00:00,3254.067322,314.171905525,-9.501709938000001,2477.66540525,239.39878082500002,-8.7547633645,3428.8498535,330.906898475,-9.9118223175,3373.606079,326.05390165,-8.489497185
2025-02-21 03:00:00+00:00,3235.4329426666663,312.2598165,-9.849861462666667,2454.912679333333,237.07838436666665,-9.242794672333334,3403.834554333333,328.3580627333333,-10.306790353333334,3341.634196333333,322.7877909666667,-9.016447067333333
2025-02-21 04:00:00+00:00,3363.4333496666663,324.56586706666667,-9.994789123333334,2585.931152333333,249.6770426666667,-9.452857971,3568.9006346666665,344.27897133333335,-10.319166183333332,3508.738851,338.8887329,-9.133691787666667
2025-02-22 00:00:00+00:00,3305.5297855,320.71237185,-4.7552516465,2529.1691895,245.51226805,-4.2618465425,3479.3361815,337.6045685,-4.6731801035,3423.1037595,332.4004364,-3.941866159
2025-02-22 01:00:00+00:00,3274.66015625,317.4234085,-5.6424036025,2498.841797,242.328453075,-5.21470451375,3449.97015375,334.42442325,-5.61944317825,3392.3688965,329.081687925,-4.91304337975
2025-02-22 02:00:00+00:00,3302.156128,319.92818450000004,-6.12872493275,2525.75640875,244.80622102499999,-5.740107536,3481.1432495,337.271034225,-6.1257938145,3422.68371575,331.837486275,-5.45359075075
2025-02-22 03:00:00+00:00,3329.4704102000005,322.38018188,-6.7112846374,2552.7946778,247.25655822,-6.4001953126,3514.8839842,340.32633058,-6.730630016399999,3457.359619,334.97937012,-6.0879335404
2025-02-22 04:00:00+00:00,3355.6293335,324.79209135,-7.071079849749999,2577.72955325,249.5936012,-6.7007814645,3545.11328125,343.122970575,-7.095261573749999,3489.063843,337.92341615,-6.4526134727499995
2025-02-23 00:00:00+00:00,3462.9526365,335.6769562,-5.6424036025,2685.9304195,260.6486664,-4.5627746585,3664.5982665,355.16914365,-5.7889595035,3610.345703,350.49623110000005,-4.17684412
2025-02-23 01:00:00+00:00,3480.230468333333,337.6689249666667,-4.740595976333333,2703.959717,262.6345825,-3.695815007,3686.81014,357.69294229999997,-4.795635859333333,3630.707112666667,352.7565206,-3.413776238666667
2025-02-23 02:00:00+00:00,3354.815674,325.28851314999997,-5.3610162735,2579.2675785,250.3645172,-4.306301832,3539.7070315,343.16896055,-5.495847702,3486.740601,338.49597165,-4.17684412
2025-02-23 03:00:00+00:00,3372.0196123333335,326.8038737,-5.812734127,2595.463541333333,251.81770830000002,-4.763067722333333,3559.3041993333336,344.88267006666666,-6.015958309333333,3504.1748860000002,339.98772176666665,-4.745806694333333
2025-02-23 04:00:00+00:00,3381.3275145,327.6109619,-6.0923302175,2605.1865235,252.67026520000002,-5.105031729,3569.5330814999998,345.7848511,-6.262823581499999,3514.838623,340.92993165,-5.007327795
2025-02-24 00:00:00+00:00,3432.478841,334.29490153333336,-1.1024262906666666,2657.4929196666667,259.3405049666667,0.8386256296666666,3623.1434733333335,353.0372518,-0.630516211,3569.114176333334,348.5191447,1.4248493910000002
2025-02-24 01:00:00+00:00,3461.2977905,337.06082155,-1.2188568115,2685.52062975,261.997009275,0.5373717545000001,3654.3740235,356.029067975,-0.77063995575,3600.4497069999998,351.448509225,1.06985831275
2025-02-24 02:00:00+00:00,3417.428528,332.7371521,-1.3678554295,2640.61340325,257.553741425,0.3146067485,3603.616394,351.04348755,-0.8820224555,3549.34765625,346.361968975,0.79726429275
2025-02-24 03:00:00+00:00,3439.9335935,334.842323325,-1.61455786225,2669.16467275,260.2534256,0.0024425997499999998,3629.386658,353.4566803,-1.172447443,3585.08239775,349.71129609999997,0.41988275225
2025-02-24 04:00:00+00:00,3477.5234376666667,338.5280863333333,-1.5388373136666667,2702.401692666667,263.4844258333333,-0.044292458666666666,3675.4513346666668,357.9561157333333,-1.1082885263333333,3623.2226563333334,353.4182434,0.38267383000000005
2025-02-25 00:00:00+00:00,3426.874186333333,333.2518514,-2.5357433953333337,2650.608073,257.9958140333333,-1.669109225,3612.9640300000005,351.3689473333333,-2.483308950666667,3560.671468,346.9083862333334,-0.7461325526666666
2025-02-25 01:00:00+00:00,3420.77941875,332.634674075,-2.60600888725,2644.7047119999997,257.376350425,-1.8375671805,3608.1540525,350.887451175,-2.5158769485,3555.83892825,346.35775755,-0.96726916725
2025-02-25 02:00:00+00:00,3455.368896666667,335.9580281333333,-2.7213809493333336,2679.269043,260.6766052333333,-2.0638332363333336,3649.745931,354.89759316666664,-2.613580942,3594.9706220000003,350.0822347,-1.206969499666667
2025-02-25 03:00:00+00:00,3395.733561333333,330.01794433333333,-3.1346685886666665,2620.0167643333334,254.8254598,-2.389513095,3581.3443196666667,348.0694071666667,-3.0985181333333336,3528.2124839999997,343.4013773666666,-1.710144917
2025-02-25 04:00:00+00:00,3426.23938,332.88397215,-3.4196383949999998,2650.5721435,257.69621275,-2.770395756,3620.109741,351.71078495,-3.4465069775,3565.2575685,346.85417175,-2.1328773500000002
2025-02-26 00:00:00+00:00,3492.2808837499997,341.26057437500003,2.110405445,2717.60241675,265.6920471,2.5818271635,3682.07257075,359.91173555,2.3839764592500003,3631.3081055000002,355.16237639999997,2.96262824525
2025-02-26 01:00:00+00:00,3502.83813475,342.26950835,2.04738640775,2728.283386,266.70996095,2.4941377045,3694.9759520000002,361.129287725,2.2721054555,3643.7056275,356.33587647499996,2.857840776
2025-02-26 02:00:00+00:00,3494.2961425,341.42801665,2.0273571015,2719.66925025,265.869400025,2.4978016615,3684.7802735,360.132637025,2.27405953425,3632.86676025,355.27337647499996,2.851245761
2025-02-26 03:00:00+00:00,3477.819824,339.761810325,1.868832469,2702.12060525,264.068023675,2.185637474,3666.46948275,358.28985595,2.1333658695,3614.60296625,353.3981018,2.6099170445
2025-02-26 04:00:00+00:00,3462.9663087500003,338.2086792,1.5803614855,2687.79589825,262.610366825,1.97044456,3648.95623775,356.47857665000004,1.86419153225,3598.90710475,351.78512575,2.39741075025
2025-02-27 00:00:00+00:00,3484.84094225,339.710044875,-0.2100635095,2709.2171630000003,264.229217525,0.25720567250000004,3675.19451875,358.35035704999996,0.015876894000000003,3624.07531725,353.59127045,0.626282364
2025-02-27 01:00:00+00:00,3517.632141,343.000610325,0.053248657000000005,2743.18042,267.602279675,0.47826086725,3716.1627195,362.458816525,0.3175378665,3664.2091675,357.59804535,0.8707865325
2025-02-27 02:00:00+00:00,3503.23071275,341.627120975,0.139228139,2726.2542114999997,265.984535225,0.58060574525,3698.5179445000003,360.78295137500004,0.42598924075,3644.550232,355.71723175,0.97215437875
2025-02-27 03:00:00+00:00,3487.83477775,340.138580325,0.17562286925,2712.4296265000003,264.6330719,0.58866632,3680.91784675,359.063644425,0.431362964,3629.69329825,354.258522025,0.9489496945
2025-02-27 04:00:00+00:00,3485.7335205,339.90677645,0.0999022975,2710.86633325,264.445823675,0.4640937895,3678.50543225,358.78684235000003,0.31998047225,3627.710022,354.011604325,0.804592073
2025-02-28 00:00:00+00:00,3425.131592,333.68991090000003,-0.7842370866666667,2650.707194,258.34577433333334,-0.39895783366666665,3610.2555336666665,351.8059285333334,-0.563426137,3558.1094563333336,346.8876749666667,-0.11170819166666666
2025-02-28 01:00:00+00:00,3375.6546630000003,328.654945375,-1.416707337,2600.698059,253.31890107499999,-0.9789936244999999,3553.56256125,346.0443573,-1.22374203825,3504.1347655,341.416946425,-0.70029310875
2025-02-28 02:00:00+00:00,3505.62713625,341.212074275,-1.6853932440000001,2729.9381715,265.852165225,-1.18295064575,3702.1984252499997,360.422340425,-1.47972643375,3650.3204955,355.60227205,-0.85344406975
2025-02-28 03:00:00+00:00,3415.361633,332.31199645,-2.01685389875,2639.53643775,256.92131804999997,-1.6609672605,3600.779358,350.387283325,-1.91939422475,3548.69543475,345.48833467500003,-1.4528578517500002
2025-02-28 04:00:00+00:00,3464.0672,336.91661835,-2.39912062875,2690.0847775,261.70305632500003,-2.16267704975,3657.1012575,355.742797875,-2.2586711645,3604.715027,350.745224025,-1.98729848875
2025-03-05 00:00:00+00:00,2902.01763925,282.146125775,-2.76062536225,2125.524109,207.214813225,-0.14557889375,3076.0185545,299.047492975,-2.8089888094999997,3025.15222175,295.166847225,0.6607230155
2025-03-05 01:00:00+00:00,2940.72448725,285.666877775,-3.57181245075,2162.0588377500003,210.63611605,-0.7840742467499999,3118.38061525,302.946884125,-3.4995114805000003,3068.18261725,299.1287079,-0.09428431825
2025-03-05 02:00:00+00:00,2955.7816165,287.08033755,-3.7396190165,2178.871582,212.13326265,-1.4186614455,3135.50933825,304.4912796,-3.88373231875,3083.4469605,300.398605325,-0.7948216945
2025-03-05 03:00:00+00:00,2927.80615225,284.219215375,-4.22813868525,2150.38452125,209.27875897500002,-1.7865168455,3104.48498525,301.3299637,-4.35930621625,3050.9487915,297.10339355,-1.21152904625
2025-03-05 04:00:00+00:00,2964.3229166666665,287.676239,-4.521739006,2187.1931153333335,212.7982432,-2.0716495513333335,3146.2378743333334,305.31938683333334,-4.5575637816666665,3094.1909180000002,301.21261596666665,-1.5355805160000002
2025-03-06 00:00:00+00:00,3035.33422825,296.18229675,0.7330239414999999,2259.83178725,221.0742836,3.18441617475,3214.55145275,313.639045725,0.638006836,3163.3931885,309.7015991,3.9035173655
2025-03-06 01:00:00+00:00,3010.00451675,293.643539425,0.5129457785,2234.99200425,218.50693512499998,2.57620906825,3186.0391235,310.720993025,0.21714704625,3136.60217275,306.86766815,3.242550075
2025-03-06 02:00:00+00:00,3016.8322145,294.16464235,0.0415241825,2241.54492175,219.01704025,2.002931118,3196.21081525,311.5625763,-0.24743527525,3146.26922625,307.60274505,2.589154899
2025-03-06 03:00:00+00:00,2998.2796874,292.21436156,-0.4212994662,2221.6736327999997,216.91375428,1.2943820236,3176.0027345999997,309.42963868,-0.7470444558,3127.2657226,305.5182373,1.8808011533999998
2025-03-06 04:00:00+00:00,3001.991292,292.49394736666665,-0.692069709,2226.2851563333334,217.24356586666667,0.7594854236666667,3184.0604653333335,310.07531739999996,-1.1805894376666668,3132.8037923333336,305.8680013,1.2815502483333334
2025-03-07 00:00:00+00:00,3058.912028,299.41119383333336,3.7046084403333333,2281.2344566666666,223.58376566666666,4.942191918333333,3240.412028,317.1451823,3.5873636403333333,3189.1218263333335,312.7998250333333,5.650545597
2025-03-07 01:00:00+00:00,3059.400309,299.2854410666667,3.1509525776666667,2284.7989906666667,223.8125610333333,4.445529938,3239.746663666667,316.91020710000004,3.0968897343333333,3190.928467,312.7900390666667,5.098844051333334
2025-03-07 02:00:00+00:00,3089.8389483333335,302.21890260000004,3.0109102726666666,2313.362304333333,226.56242876666667,4.227324485666666,3272.3094889999998,320.0490824666667,2.952287912333333,3221.8112793333335,315.73251343333334,4.844487667
2025-03-07 03:00:00+00:00,3099.615478333333,303.2185262333333,3.1480214600000003,2324.5899249999998,227.64120483333332,4.1566519736666665,3287.1092123333333,321.5186666,3.020680666,3237.4777016666667,317.2353414,4.746783733
2025-03-07 04:00:00+00:00,3086.64917,301.8916931,2.9626282455,2312.20751925,226.377002725,3.93502688375,3271.793274,319.923744175,2.7357107995,3222.5268555,315.68341829999997,4.48363447175
2025-03-08 00:00:00+00:00,3055.8709313333334,299.06974283333335,3.5652174156666665,2281.370198666667,223.69338989999997,5.365575790333334,3231.163574,316.1394043,3.3059761523333333,3184.124512,312.35322063333336,5.8039407726666665
2025-03-08 01:00:00+00:00,3063.5339356666664,299.71031696666665,3.2160885333333336,2288.592448,224.30339053333333,4.954567591333333,3239.786295666667,316.8460591666667,2.890408754333333,3191.535888666667,312.9161173333334,5.303696632666667
2025-03-08 02:00:00+00:00,3026.3011475,295.8894577,2.640693724,2251.6376345,220.538524625,4.3324376345,3198.92999275,312.654968275,2.295310199,3151.555298,308.7808151,4.6375181675
2025-03-08 03:00:00+00:00,3027.508545,295.81011962499997,2.002931118,2252.3620607499997,220.4508858,3.651196897,3202.6184695,312.80233765,1.6421592535,3153.939148,308.793373125,3.957010269
2025-03-08 04:00:00+00:00,3049.558187,297.8560587333333,1.6528252363333333,2274.7294923333334,222.56263223333335,3.3137924670000003,3229.463623333333,315.3290202,1.3518971203333334,3181.0178223333332,311.31819663333334,3.5678229333333333
2025-03-09 00:00:00+00:00,3081.0277100000003,301.771270775,4.32340002075,2307.4856565,226.495735175,6.3851977587499995,3258.5317382499998,319.0769882,4.08426964275,3211.047119,315.36100769999996,6.91255486
2025-03-09 01:00:00+00:00,3090.251058,302.59204100000005,4.0628561969999994,2316.9894203333333,227.33272296666667,5.984367370666667,3268.8151856666664,320.00386556666666,3.8456277846666667,3221.142903666667,316.1961161333333,6.440319061333334
2025-03-09 02:00:00+00:00,3067.19506825,300.162445075,3.51489984975,2296.56097425,225.19283295,5.39814376825,3244.79400625,317.43136595,3.1978505255,3201.67083775,314.013000475,5.61797761925
2025-03-09 03:00:00+00:00,3075.338745,300.80393985,3.02173912525,2301.37792975,225.52334975,4.8133853672499995,3253.0979005,318.084411625,2.70273578175,3206.24285875,314.262939475,5.0124572515
2025-03-09 04:00:00+00:00,3112.294108,304.4012959666666,2.9656407833333334,2338.1688639999998,229.05258176666666,4.4862399103333335,3294.9110516666665,322.1811015,2.720729589333333,3247.4280596666667,318.25329586666663,4.873799006
2025-03-10 00:00:00+00:00,3124.875305,306.64717102500003,6.134098649,2351.2348632499998,230.839134225,6.58622360225,3306.2714845,324.43888092500003,6.10942840575,3258.29144275,320.08812715,7.17171490175
2025-03-10 01:00:00+00:00,3119.56054675,306.00485990000004,5.75744998425,2349.798584,230.614299775,6.25476300725,3299.9141845,323.6847229,5.6939424275,3254.3865965,319.56890105,6.76233494275
2025-03-10 02:00:00+00:00,3145.0171713333334,308.4511006333333,5.600065231333333,2369.5262046666667,232.51481626666668,6.094121456,3327.8019203333333,326.38510130000003,5.626119613666667,3273.3150230000006,321.3936157,6.668294906666667
2025-03-10 03:00:00+00:00,3187.34954825,312.706649775,5.9167073965000005,2412.814148,236.82120895,6.3324376345,3382.68371575,331.8762207,5.938202262,3331.50488275,327.174972525,6.86101591575
2025-03-10 04:00:00+00:00,3186.765869,312.74375155,6.2042012215,2411.5758055,236.76649855,6.60649716875,3379.6795045,331.675308225,6.2042012215,3330.0629882499998,327.118103025,7.11284828175
2025-03-11 00:00:00+00:00,3072.0317386666666,301.15087893333333,5.151278495666666,2298.5900880000004,225.50874836666665,5.905878543666667,3246.993245333333,318.26991780000003,5.061716397666666,3200.0305176666666,313.92433673333335,5.836834430666666
2025-03-11 01:00:00+00:00,3085.8033450000003,302.370224,4.738641858,2312.19842525,226.7738571,5.6179776189999995,3264.5479125,319.86016085,4.6653639075,3218.9390869999997,315.6777954,5.53395223625
2025-03-11 02:00:00+00:00,3075.654541,301.1676941,4.079628706,2301.656006,225.590553275,4.98021495325,3252.65734875,318.4350281,3.88666343675,3206.399597,314.194213875,4.7645334005
2025-03-11 03:00:00+00:00,3050.74151625,298.5373993,3.4684904815,2277.09100325,223.011455525,4.247435212,3227.14007575,315.7351837,3.27308249475,3179.3305055,311.34627535,4.15974593175
2025-03-11 04:00:00+00:00,3096.0967613333337,302.84437053333335,3.053248644,2322.5055336666665,227.33706153333333,3.736850738333333,3281.95459,320.95724486666666,2.854258299,3233.6476239999997,316.52123006666665,3.724800586666667
2025-03-12 00:00:00+00:00,3106.1444094999997,304.23373415,4.3309720755,2333.0372925,228.597744,4.69247663,3286.6330565,321.8865738,4.256717086,3241.22570825,317.64466857499997,4.8720077275
2025-03-12 01:00:00+00:00,3106.5816649999997,304.223579425,4.1648753880000005,2332.21337875,228.431667325,4.334880232750001,3287.0942995,321.85421752499997,4.0244259835000005,3239.3190919999997,317.345588675,4.53468477725
2025-03-12 02:00:00+00:00,3098.92999275,303.35567475,3.790913582,2321.8917235,227.317821525,3.90815830225,3277.67913825,320.7836151,3.5911089780000003,3227.388306,316.0173645,4.0547142027500005
2025-03-12 03:00:00+00:00,3106.515625,304.00214639999996,3.4896596273333333,2334.0199383333334,228.42299400000002,3.521250565666667,3288.1513673333334,321.71066286666667,3.370460828,3241.135335333334,317.24827066666666,3.7716984750000004
2025-03-12 04:00:00+00:00,3093.0174970000003,302.5493164,3.073115110333333,2318.377929333333,226.78181456666667,3.1011235713333334,3277.465576,320.51847330000004,2.857840776333333,3229.4179686666666,315.95955399999997,3.2812244893333333
2025-03-13 00:00:00+00:00,3129.74591075,307.75522615,8.08549141875,2358.3600465,231.957191475,8.291157961,3300.7896729999998,324.680664075,8.426966667,3260.191101,320.83397675,8.833903551
2025-03-13 01:00:00+00:00,3145.5195925,309.242591875,7.889594674,2373.35553,233.374862675,8.077430725,3321.716675,326.657074,8.15779232975,3278.6049805000002,322.57416535,8.621397495250001
2025-03-13 02:00:00+00:00,3166.946655,311.317260725,7.7923791407500005,2393.30627475,235.285137175,7.870298028,3349.25610375,329.314003,8.0117248295,3304.44384775,325.0426712,8.4025406835
2025-03-13 03:00:00+00:00,3162.1503905,310.80501555,7.667318105750001,2389.18634,234.82206345,7.63776266575,3344.40258775,328.794052125,7.8873962165,3299.48382575,324.47986605,8.18490529075
2025-03-13 04:00:00+00:00,3173.081542666667,311.84018960000003,7.547630787,2404.9561360000002,236.3481953666667,7.533626556333334,3357.2365723333332,330.00609333333335,7.743038654,3314.9248863333337,325.9474080666667,8.036150932
2025-03-14 00:00:00+00:00,3068.8327635,300.02890015,2.579628706,2295.31805425,224.5674591,3.276990712,3242.3666995,317.0070267,2.61358082275,3198.8269655,313.05298615,3.54469955
2025-03-14 01:00:00+00:00,3132.9812014999998,306.144821175,2.09330725675,2359.2058105,230.70454405,2.80263805375,3317.668823,324.184173575,2.0725451707499998,3270.4680785,319.880126975,2.9958475827499997
2025-03-14 02:00:00+00:00,3111.494629,303.990715025,1.9201270045,2336.78430175,228.43834305,2.49291646475,3296.52667225,322.01514435,1.763312131,3248.42755125,317.598136875,2.609916985
2025-03-14 03:00:00+00:00,3183.75823975,311.10659025,2.0935515165,2408.7147825,235.46842957500002,2.4914509055,3379.90277125,330.239013675,1.9980459215000002,3331.26348875,325.7306824,2.71128487575
2025-03-14 04:00:00+00:00,3148.774292,307.73059845,2.22520756725,2374.16461175,232.11331175,2.57645338775,3337.79467775,326.1867676,2.17659986025,3290.571045,321.77845,2.79433321925
2025-03-15 00:00:00+00:00,3167.100016,309.06849163333334,0.8223416406666667,2388.7784833333335,233.25152076666666,1.392281413,3366.672770333333,328.69510906666665,1.2427943146666667,3318.260498333333,324.08002726666666,1.587689281
2025-03-15 01:00:00+00:00,3183.80065925,310.69608305,0.8155837655,2407.5302735,235.0692482,1.340986848,3381.0665285,330.12921145,1.3488031625,3332.85650625,325.498298625,1.569125533
2025-03-15 02:00:00+00:00,3157.875895333333,308.14224243333337,0.740921676,2384.1748860000002,232.78062946666668,1.294577479,3354.265625,327.42810060000005,1.0991694926666666,3304.9790040000003,322.7486063333333,1.489985347
2025-03-15 03:00:00+00:00,3166.430175666667,308.96646116666665,0.7083536980000001,2393.324219,233.6770986,1.316723704,3362.581787333333,328.2158813333333,0.989741087,3319.916097,324.2283325,1.5554469823333334
2025-03-15 04:00:00+00:00,3163.664429,308.72006225,0.7816316485,2388.6861575000003,233.23210905000002,1.3380557295,3362.0645750000003,328.15579225,0.98534441,3309.8190919999997,323.25492859999997,1.587689281
2025-03-16 00:00:00+00:00,3174.17828375,310.042327875,1.6976062355000001,2398.97003175,234.4387779,2.173913002,3365.0949705000003,328.7863617,1.978505135,3316.82305925,324.265594475,2.5549585817500002
2025-03-16 01:00:00+00:00,3175.4726563333334,310.20489503333334,1.809151649333333,2399.9938963333334,234.54733786666668,2.2061553003333336,3366.623942,328.95874023333334,2.0436410906666667,3319.7024736666667,324.5423991,2.542582671
2025-03-16 02:00:00+00:00,3143.7186686666664,307.0426839333333,1.620257298,2369.6467286666666,231.53952536666665,2.0299625396666667,3330.2585446666667,325.3397929,1.8482331836666666,3289.077637,321.4910482,2.3693208693333334
2025-03-16 03:00:00+00:00,3158.881958,308.39409635,1.218856841,2383.00982675,232.75522995,1.6536394357500002,3347.94458025,326.94047545,1.48045921325,3300.7027587499997,322.50361635,2.00293111825
2025-03-16 04:00:00+00:00,3148.22839325,307.300140375,1.05056178575,2373.10827625,231.75019835,1.5065950155,3333.7194215,325.496810925,1.31900343275,3288.39550775,321.2642517,1.8903273345
2025-03-17 00:00:00+00:00,3204.213745,312.05760955,-1.1213971375,2431.572388,236.93470765,-0.61602345075,3404.4838865,331.7441101,-0.58329261825,3356.09747325,327.18987275,-0.122129947
2025-03-17 01:00:00+00:00,3119.4117435,303.71292115,-1.3922813832499998,2343.9906007500003,228.318428025,-0.95432338125,3311.4785764999997,322.60094449999997,-0.84709331375,3263.6884765,318.062477125,-0.478749387
2025-03-17 02:00:00+00:00,3118.3966065,303.469055175,-1.85148999075,2344.8695065,228.29040145,-1.44113335,3320.40399175,323.29961395,-1.3378114105,3262.55322275,317.783157375,-0.988275513
2025-03-17 03:00:00+00:00,3152.142334,306.69712830000003,-2.0273571015,2375.4383545,231.20763395,-1.6853932139999999,3346.1684569999998,325.7053223,-1.636541307,3295.262085,320.87095639999995,-1.2823644285
2025-03-17 04:00:00+00:00,3163.7915037499997,307.808029175,-2.09843671325,2387.92175275,232.3913269,-1.8111870885,3361.16387925,327.169746375,-1.63654127725,3310.16705325,322.2713852,-1.4342941045
2025-03-18 00:00:00+00:00,3091.6708985,299.918777475,-4.89521241175,2316.86199975,224.866954825,-4.42110395425,3273.723938,317.625694275,-4.75525140775,3229.791748,313.611961375,-3.98925256725
2025-03-18 01:00:00+00:00,3066.3652952499997,297.31798549999996,-5.36712276925,2286.16278075,221.791664125,-4.836345672749999,3248.03155525,314.966682425,-5.25427472575,3194.355713,309.98711395,-4.557156682
2025-03-18 02:00:00+00:00,3082.75927725,298.805938725,-5.69614076625,2307.14343275,223.72958755000002,-5.254030466,3270.72100825,317.069213875,-5.559110999,3218.23632825,312.184303275,-4.9340497254999995
2025-03-18 03:00:00+00:00,3113.04187,301.66911315000004,-5.92672204975,2334.555908,226.32516857500002,-5.520273685499999,3298.8602295,319.705337525,-5.83781147,3249.24804725,315.08879855,-5.25329768675
2025-03-18 04:00:00+00:00,3151.6136066666672,305.3397420333333,-6.138088226333333,2375.3001303333335,230.2220459,-5.744015693666667,3351.477783,324.73733519999996,-6.033219337333333,3300.9156089999997,320.00544229999997,-5.529718399
2025-03-19 00:00:00+00:00,3068.6655885,297.698280325,-4.8588176965,2293.0716555,222.98075484999998,-2.5891549585,3251.1845095,315.337860125,-5.061553478,3198.9425655,311.1808777,-2.241328716
2025-03-19 01:00:00+00:00,3042.5314126666667,295.1024983666667,-5.05618,2264.89209,220.08224489999998,-3.2789447309999997,3218.458903,312.069163,-5.356131076666666,3166.7261556666667,307.8174642,-2.9614069463333337
2025-03-19 02:00:00+00:00,3067.7286783333334,297.5027771,-5.196547984666666,2290.7759606666664,222.44944763333334,-3.9163002966666665,3251.4121906666664,315.17815146666663,-5.618628978666667,3199.3361813333336,310.7762146,-3.611138264333333
2025-03-19 03:00:00+00:00,3049.8649903333335,295.65410360000004,-5.577267646666667,2271.8012696666665,220.46376036666666,-4.542582511666667,3228.8226726666667,312.8377482,-6.084676742666666,3176.0402830000003,308.30621336666667,-4.260543823
2025-03-19 04:00:00+00:00,3028.783447,293.472930925,-6.02906692025,2251.23254375,218.3530235,-5.0625305175,3203.08764625,310.203796375,-6.519052148,3151.9558715,305.79582215,-4.80385923375
2025-03-20 00:00:00+00:00,3065.255208666667,297.9076029666667,-3.109916925666667,2289.393391666667,222.85499573333334,-1.583781163,3241.490885333333,314.9119262666666,-3.4860771496666665,3191.3572590000003,310.8069458,-1.1174075803333334
2025-03-20 01:00:00+00:00,3067.3885090000003,297.9147237,-3.7567172049999997,2290.777425333333,222.8563639,-2.1612114906666666,3243.808675,314.9266561,-4.130923271333334,3193.5393879999997,310.7808126,-1.8534440596666668
2025-03-20 02:00:00+00:00,3116.4591677500002,302.616188025,-3.961895466,2340.1292725,227.5051575,-2.80972158925,3298.16314725,320.09996795,-4.4455299375,3245.111084,315.59574125,-2.473375678
2025-03-20 03:00:00+00:00,3072.572693,298.269371025,-4.238397598000001,2296.98321525,223.212436675,-3.23253536225,3252.44903575,315.57175447500003,-4.7247189285,3201.11352525,311.167144775,-2.93893504125
2025-03-20 04:00:00+00:00,3051.68457025,296.110977175,-4.66267693075,2278.10363775,221.225593575,-3.91108942025,3225.70953375,312.8654709,-5.06790447225,3179.7620239999997,308.90483855,-3.51734244825
2025-03-21 00:00:00+00:00,3138.5328369999997,305.94795225,-0.219833903,2364.0283205,230.82489015,1.3429409265,3316.97644,323.2771759,-0.41524182249999997,3269.0020750000003,319.3166504,1.7342452405
2025-03-21 01:00:00+00:00,3147.6241455,306.7250824,-0.5617977675,2376.246216,231.9157257,0.893014163,3329.8854979999996,324.4357605,-0.713727385,3287.4708250000003,320.97654725,1.253053248
2025-03-21 02:00:00+00:00,3125.026367,304.4147339,-0.9037615955,2349.6955565,229.22634885000002,0.512945786,3306.662842,322.04229740000005,-1.0991694925,3257.4455565,317.88031005,0.8060576319999999
2025-03-21 03:00:00+00:00,3173.202148,309.0222168,-1.167562246,2398.471191,233.865509,0.024425989,3362.297852,327.3444214,-1.44113338,3316.616943,323.4891663,0.317537874
2025-03-21 04:00:00+00:00,3132.3368326666664,304.95696003333336,-1.438202262,2356.736084,229.76583863333335,-0.10519459233333334,3316.003743333333,322.77280683333333,-1.6365412473333334,3267.1411946666667,318.5900472,0.09770395533333333
2025-03-22 00:00:00+00:00,3134.4288739999997,306.1351623666667,1.6202572983333334,2359.812419,230.9402567666667,3.5385116736666666,3311.0367836666665,323.3288065333333,1.457417369,3263.8635253333337,319.5664571,3.9895782469999994
2025-03-22 01:00:00+00:00,3166.2874147499997,309.1525421,1.328773856,2392.938843,234.077877075,3.10454320925,3349.20812975,326.952674875,1.1507083175,3302.961731,323.24182129999997,3.5356619955
2025-03-22 02:00:00+00:00,3156.855143,308.15786743333337,1.0991694926666666,2383.045654333333,233.00924683333332,2.698583364333333,3338.3764646666664,325.7992554,0.8715193073333333,3290.75,321.8972778666667,3.0890734196666667
2025-03-22 03:00:00+00:00,3153.00756825,307.66461945,0.7327796815000001,2378.97808825,232.5039444,2.2479237317500003,3332.602417,325.0949783,0.4553004355,3287.59667975,321.399086,2.52711284175
2025-03-22 04:00:00+00:00,3186.88824475,310.883522025,0.46409378925,2412.0966185,235.662750225,1.9330728052500001,3370.7690430000002,328.72193145,0.17684416475,3324.1519775,324.847702025,2.159013152
2025-03-23 00:00:00+00:00,3216.2248536666666,314.9294738666667,4.069695472333334,2442.9571943333335,239.36343893333333,4.671226024666667,3401.698323666667,333.0681152,4.003908157333334,3355.9182129999995,328.9646606333333,5.1050319669999995
2025-03-23 01:00:00+00:00,3213.0845539999996,314.59394326666666,3.9853444099999997,2439.798584,239.01583866666667,4.518807888,3399.38208,332.8136088333333,3.9237909316666664,3353.9315593333336,328.7137146,4.942191759666667
2025-03-23 02:00:00+00:00,3214.201233,314.718315125,4.030288219,2440.90631075,239.1070938,4.4548118115,3406.05395525,333.491279575,3.9973131417500003,3358.83837875,329.184699975,4.91353178025
2025-03-23 03:00:00+00:00,3242.05993675,317.45264435,4.05007326575,2469.123352,241.89944077500002,4.5534927844999995,3432.827881,336.1311035,4.01905226675,3390.94293225,332.35740665000003,4.979238033
2025-03-23 04:00:00+00:00,3303.315755333333,323.6421509,4.616511821666666,2528.8517253333334,247.8774363,5.055202802,3501.8005370000005,343.08207196666666,4.599250793666667,3453.1013996666666,338.6286926333333,5.495847702
2025-03-24 00:00:00+00:00,3198.7255372,313.42702028,4.7126525878,2425.459375,237.76018370000003,5.1222276686,3380.0961424,331.18113404,4.662432766,3335.8269532,327.11022948,5.4403518676000004
2025-03-24 01:00:00+00:00,3198.442057,313.18593346666665,4.0628561969999994,2424.9270833333335,237.57487486666665,4.599576473,3380.8728026666668,331.05691529999996,4.059599399333333,3339.4521486666667,327.27142333333336,4.8591432569999995
2025-03-24 02:00:00+00:00,3199.84094225,313.2345276,3.79335618025,2425.42224125,237.57053372500002,4.37396180625,3382.02563475,331.067192075,3.7887152435,3336.88488775,326.939888,4.640937805
2025-03-24 03:00:00+00:00,3214.41864025,314.6084366,3.63214468975,2442.36901825,239.169895175,4.1406936645000005,3397.9274905,332.5705414,3.6297020915,3354.48382575,328.58309175,4.405471325000001
2025-03-24 04:00:00+00:00,3235.07324225,316.633865375,3.6443576815000003,2458.03729225,240.7111511,4.1524181365,3424.30767825,335.14627075,3.6174890995,3374.33166475,330.51234435000003,4.36321437375
2025-03-25 00:00:00+00:00,3249.566223,319.17337034999997,7.0007327795,2476.20282,243.355957025,7.55691266075,3431.51171875,337.15190122499996,7.304103732,3389.6658325,333.306655875,8.06937026975
2025-03-25 01:00:00+00:00,3252.8931272500004,319.462486275,6.8881287575000005,2479.51702875,243.64463805,7.4118223190000005,3436.5838625,337.5946579,7.14826595775,3393.0625,333.59368895,7.9330729245
2025-03-25 02:00:00+00:00,3240.67865,318.238365175,6.814850807,2468.31195075,242.52719115,7.3522229195,3424.77453625,336.421714775,7.099413991,3381.61822475,332.447044375,7.8651685715
2025-03-25 03:00:00+00:00,3227.1046549999996,316.85692339999997,6.668294906666667,2449.903076,240.6638743,7.156815052,3408.929524333333,334.78319296666666,6.838625431,3359.076823,330.1180623333333,7.562937736333333
2025-03-25 04:00:00+00:00,3231.9398195,317.193168625,6.25305318825,2459.5960692500003,241.53546905,6.8172934055,3415.17620825,335.246208175,6.4501708747499995,3371.8276367500002,331.2536545,7.20566701875
2025-03-26 00:00:00+00:00,3204.8400880000004,314.15684,5.111545403666667,2432.7062176666664,238.9490865,7.026542981333333,3378.669352333333,331.21516926666663,5.165608247,3335.318522,327.8159383,7.642077922666666
2025-03-26 01:00:00+00:00,3216.9777341999998,315.20296632,4.6751341818,2448.439453,240.33746030000003,6.4015631676,3393.8109866,332.5121399,4.6528576848,3357.6993164,329.76232300000004,6.9176355362
2025-03-26 02:00:00+00:00,3215.27465825,314.965156525,4.4604297875,2442.11956775,239.5919037,5.91255497925,3392.7397462500003,332.33527375,4.42110395425,3349.03070075,328.71855925,6.350757122
2025-03-26 03:00:00+00:00,3213.28222675,314.6193924,4.0034196375,2439.409424,239.236293775,5.5544700625,3396.62628175,332.55487062500004,3.95701026925,3352.35412575,328.90670777500003,5.9506595135
2025-03-26 04:00:00+00:00,3206.7963863333334,313.89804076666667,3.740433216,2436.473633,238.8998819666667,5.373066425333334,3383.9154460000004,331.21859743333334,3.7046084406666666,3345.2705076666666,328.1457112666667,5.761602401333334
2025-03-27 00:00:00+00:00,3243.44476325,318.1741257,5.8092330695,2471.501526,242.761463175,7.037127495,3422.15155025,335.7565155,5.95652174925,3382.951477,332.525001525,7.7176356317499994
2025-03-27 01:00:00+00:00,3236.8218994999997,317.382720925,5.383732438,2463.78924575,241.871116625,6.521739006,3421.72119125,335.535400375,5.47997081275,3376.0929565,331.646698,7.13238894925
2025-03-27 02:00:00+00:00,3261.23937975,319.69270325,5.13190054875,2489.0786745,244.268939975,6.18392765525,3442.5532224999997,337.5011978,5.230093002499999,3402.215576,334.07899472500003,6.7479236125
2025-03-27 03:00:00+00:00,3264.9500323333336,320.0365498666667,5.072463989,2492.548991,244.55538433333334,5.9710144996666665,3446.7215983333335,337.89008583333333,5.180263996333333,3408.313151,334.58547973333333,6.4878683089999996
2025-03-27 04:00:00+00:00,3273.14373775,320.79232025,4.931851387,2503.55688475,245.6025772,5.83781147,3459.4953612500003,339.117439275,5.09452879425,3421.60449225,335.867607125,6.375671625
2025-03-30 00:00:00+00:00,3289.74597175,322.83255005,6.15315091625,2518.2352902499997,247.213527675,6.521739006,3473.9070432500002,340.978241,6.3834879395,3433.94598375,337.18222045,6.7171468735
2025-03-30 01:00:00+00:00,3297.6001585,323.574264525,6.0676599737500005,2524.078796,247.760669725,6.401807427,3485.75653075,342.107337975,6.26380062125,3444.49987775,338.174110425,6.59013175975
2025-03-30 02:00:00+00:00,3297.2212525,323.508926375,5.98461163075,2522.9423215,247.62919235,6.332926154,3482.9961545,341.808769225,6.185637474,3443.569458,338.074974075,6.56814837475
2025-03-30 03:00:00+00:00,3299.8191527500003,323.75883484999997,5.9699560405,2524.8512575,247.811794275,6.3133853672499995,3485.66375725,342.067184425,6.179775238,3444.482666,338.15235135,6.529799580500001
2025-03-30 04:00:00+00:00,3296.749756,323.44609072500003,5.935515404,2521.9398195000003,247.52570725,6.3058133125,3482.326599,341.7262802,6.14167070375,3442.0038452500003,337.895011925,6.493893385
2025-03-31 00:00:00+00:00,3253.0648195,318.7273178,4.641182065,2481.2852785,243.27424622499998,5.27601385125,3438.508728,337.00481415,4.9831460715,3393.697632,332.74048615,5.304347992249999
2025-03-31 01:00:00+00:00,3241.47869875,317.41142272499997,4.09672689425,2471.9031370000002,242.202541375,4.68954551225,3417.11254875,334.732215875,4.39667797075,3381.8745117500002,331.368789675,4.70468974125
2025-03-31 02:00:00+00:00,3273.61523425,320.3607254,3.50781631475,2500.3777465000003,244.83353807499998,4.079140186,3458.32000725,338.5006485,3.6883244514999998,3414.3477175,334.3499527,4.127992153
2025-03-31 03:00:00+00:00,3257.5897827500003,318.702674875,3.238886118,2484.8878175,243.220428475,3.6907669905000002,3441.73144525,336.816741925,3.51489984975,3395.96356225,332.422218325,3.7616024017500003
2025-03-31 04:00:00+00:00,3251.57702625,317.9440613,2.72618472575,2480.036621,242.616184225,3.1998045445,3430.7565305,335.5312424,2.9228138922499998,3393.92999275,332.0331192,3.24499261375
2025-04-01 00:00:00+00:00,3282.929688,321.4938965,4.168050766,2511.627441,246.1802063,5.013190269,3471.165039,339.9832153,4.323400021,3424.353516,335.8104858,5.495847702
2025-04-01 01:00:00+00:00,3332.121582,326.4648132,4.616511822,2560.769043,251.0726776,5.300439835,3518.576416,344.8032837,4.811919689,3479.684082,341.3414307,5.788959503
2025-04-01 02:00:00+00:00,3350.7759600000004,328.3283284333333,4.720729350666667,2579.565104,252.92238873333335,5.333007812666666,3541.776204333333,347.1141357666667,4.913857619,3500.3158366666667,343.37236533333333,5.8101286886666665
2025-04-01 03:00:00+00:00,3317.5715330000003,325.0941467,4.778211832,2546.477417,249.6808624,5.3492918015,3507.8323975000003,343.8194885,5.007328033,3468.8785399999997,340.26606749999996,5.7591598035
2025-04-01 04:00:00+00:00,3322.3220215,325.545501725,4.7364434,2552.4536745,250.252765675,5.2948218585,3511.0186157499998,344.1837311,4.98265767075,3474.107422,340.7589111,5.69003427
2025-04-02 00:00:00+00:00,3308.13226325,324.1312332,4.66536378825,2533.1002805,248.363105775,5.3106987475,3494.6784055,342.4564743,4.8363456725,3446.48205575,338.109909075,5.85368835925
2025-04-02 01:00:00+00:00,3301.2749025000003,323.33254242500004,4.29189050225,2528.65081775,247.853755975,5.03590631475,3484.9920654999996,341.39081572500004,4.469955921,3442.98815925,337.6618042,5.566683054
2025-04-02 02:00:00+00:00,3295.214843333333,322.63082886666666,3.9716658593333336,2522.391032,247.18192546666668,4.811919689,3478.8814289999996,340.68134563333336,4.160560131,3439.295003333333,337.20776366666666,5.303696632666667
2025-04-02 03:00:00+00:00,3330.909851,326.1217575,3.95969712725,2557.41925075,250.57323455,4.6543720959999995,3518.140381,344.513206475,4.1304347515,3477.58984375,340.891815175,5.105031967
2025-04-02 04:00:00+00:00,3340.100708,327.1017456,4.19418656825,2567.38378925,251.57966612500002,4.7743036745000005,3528.5477295,345.6320343,4.404250025750001,3488.2525635,341.979675325,5.22618484525
2025-04-03 00:00:00+00:00,3327.1296997500003,326.83727265000005,7.13238894925,2555.0011595,251.1644783,7.79848563675,3510.3273314999997,344.8902359,7.2914022205,3470.03430175,341.254356375,8.19174444675
2025-04-03 01:00:00+00:00,3281.019368333333,322.0407613,6.342615127666666,2509.0546873333333,246.4305318,6.958150228,3458.843343,339.5186055666667,6.411007881,3417.6195476666667,335.75337726666663,7.210877736666667
2025-04-03 02:00:00+00:00,3256.39508075,319.20570372500003,5.09550559525,2485.22998025,243.8018379,5.8419638872499995,3431.9936525,336.4060898,5.0581338405,3390.4257205,332.648391725,5.9697117805
2025-04-03 03:00:00+00:00,3193.8460290000003,312.7989705333334,4.255007267,2421.2848310000004,237.3159434,4.985181649666667,3360.9689940000003,329.0903422,4.033545017333334,3320.1647136666666,325.39956666666666,4.927861849666667
2025-04-03 04:00:00+00:00,3342.569214,327.2108307,3.8033708335000003,2569.916504,251.7197342,4.350512862,3531.205078,345.629928575,3.6690278052500003,3490.5207520000004,341.89598082500004,4.3673667905
2025-04-04 00:00:00+00:00,3243.637024,317.966629025,5.12945783125,2471.340088,242.763515475,7.1079628467500005,3413.42407225,334.58284757499996,5.050073385,3372.22021475,331.4345932,7.61504650125
2025-04-04 01:00:00+00:00,3290.6095376666667,322.44191490000003,4.746783733333333,2519.847412,247.3466542333333,6.407751083333333,3465.0904133333333,339.5115865,4.649079799333333,3427.3640950000004,336.6186625333333,6.958150068999999
2025-04-04 02:00:00+00:00,3280.0857545,321.24171445,4.2452368735,2507.65045175,246.0190468,5.9047386645,3455.88458275,338.41887665,4.13336586975,3413.8029177500002,335.08557129999997,6.37689292425
2025-04-04 03:00:00+00:00,3292.827942,322.38494107500003,3.935026884,2518.5603634999998,246.9518738,5.373717785,3467.30487075,339.419425975,3.7826087475000003,3422.838196,335.7470627,5.72936010375
2025-04-04 04:00:00+00:00,3299.203491,322.89591217500003,3.60039091125,2526.0929565,247.6196251,5.10503184775,3479.39001475,340.47605895000004,3.4440644385,3437.6917115,337.0908432,5.4193943739999995
2025-04-05 00:00:00+00:00,3256.91687,319.452423075,5.67171478275,2484.97131325,244.354175575,8.08500278,3432.0817260000003,336.60559845,5.590376258,3391.59411625,333.66819,8.55324912075
2025-04-05 01:00:00+00:00,3276.43164075,321.0420761,4.716902613749999,2503.4504392500003,245.913978575,7.09819245325,3450.6774295,338.055168125,4.54518795,3409.892395,335.0936737,7.49413788325
2025-04-05 02:00:00+00:00,3236.7696130000004,317.05401613333333,4.411659240666666,2463.434814333333,241.82391866666669,6.472887039333333,3408.3284506666664,333.7875264333333,4.207783699,3367.0328773333335,330.575826,6.615209261666667
2025-04-05 03:00:00+00:00,3272.1156413333338,320.39213053333333,4.040058612666667,2497.8286133333336,245.02355956666668,5.788959503,3452.4239906666667,337.9817708333333,3.8557238579999997,3408.967692,334.4141031666666,5.816642284333334
2025-04-05 04:00:00+00:00,3301.420736,323.20326743333334,3.8674483299999998,2527.193115,247.90613299999998,5.791239261666667,3482.369710333334,340.8363342,3.639472484666667,3438.513753333333,337.278656,5.726103306
2025-04-06 00:00:00+00:00,3200.9440915,312.11359405,0.03150952599999998,2434.06158425,237.640861525,1.27015143625,3369.21942175,328.52356722499997,0.054469954249999994,3343.23297125,326.577316275,1.77918905025
2025-04-06 01:00:00+00:00,3226.2016599999997,314.281135575,-0.8698094635,2455.25982675,239.473613725,0.3048363415,3404.5949095,331.696800225,-0.7386419175,3362.92053225,328.15825655,0.76697605825
2025-04-06 02:00:00+00:00,3210.421875,312.5261129,-1.5388373136666667,2442.597168,238.06839496666666,-0.380719746,3397.221272666666,330.75835163333335,-1.4085653623333334,3354.5113116666666,327.0964762666667,0.06676437333333334
2025-04-06 03:00:00+00:00,3269.7963056666667,318.11095173333337,-2.1286435126666667,2499.3987629999997,243.43340049999998,-1.0493404666666668,3455.3933106666664,336.2125956,-1.9947891233333335,3418.608317,333.11095176666663,-0.622048527
2025-04-06 04:00:00+00:00,3262.485758666667,317.27205406666667,-2.5158769286666667,2486.729248,242.08031716666667,-1.538837314,3451.9966633333333,335.7652893,-2.3409867283333337,3414.0901689999996,332.48730470000004,-1.14802146
2025-04-07 00:00:00+00:00,3319.4976195,322.73177335,-2.76770889775,2544.9244387500003,247.71137620000002,-1.6609672305,3513.94140625,341.6527252,-2.72032248975,3470.86743175,337.897857675,-1.48998534675
2025-04-07 01:00:00+00:00,3356.5942383333336,326.515625,-2.245562553333333,2581.185628333333,251.3740743,-1.14802146,3556.3637696666665,345.97141519999997,-2.1765184403333335,3512.2301433333328,342.1370239333334,-0.8926884730000001
2025-04-07 02:00:00+00:00,3337.77069125,324.695541375,-2.2132388355,2564.862671,249.783763875,-1.14802146,3536.8585815,344.07774352499996,-2.171226144,3494.765442,340.42664335,-0.9174401462499999
2025-04-07 03:00:00+00:00,3325.925130333333,323.6462911333333,-1.9068555433333334,2554.6898596666665,248.79197183333335,-1.1480214596666667,3519.0905763333335,342.51468909999994,-1.713727395,3479.9741209999997,339.0010681333333,-0.8764045039999999
2025-04-07 04:00:00+00:00,3298.94476325,321.044250475,-1.8368344307500002,2523.68969725,245.7781906,-1.13287735,3489.5650635,339.67800905,-1.5964826345,3446.4716795,335.752883925,-0.8304836154999999
2025-04-08 00:00:00+00:00,3305.114502,322.704223625,1.3190034625,2530.268921,247.2271347,2.00293111825,3492.2178955,341.06417085,1.5764533285,3451.51983625,337.38523865,2.4184171555000002
2025-04-08 01:00:00+00:00,3322.2980956666665,324.3516845666666,1.2294414436666667,2546.93514,248.83158366666666,1.9153232576666666,3511.837972,342.9563598666667,1.5098518133333334,3468.6107583333337,339.01752726666666,2.30939579
2025-04-08 02:00:00+00:00,3303.29705825,322.47585300000003,1.16756224625,2526.9020385,246.8474617,1.8089888095,3491.51977525,340.92803192499997,1.41084516025,3445.738098,336.7351761,2.17415726175
2025-04-08 03:00:00+00:00,3287.261799666667,320.8316650333333,0.9327471056666666,2515.2513833333337,245.64184063333335,1.5225533249999998,3479.964925,339.7104899,1.2144601743333334,3437.558594,335.83073936666665,1.8511643013333334
2025-04-08 04:00:00+00:00,3339.597086333333,326.0294393,1.196873466,2566.1584473333332,250.640625,1.6495684386666667,3536.2646483333333,345.3356018333333,1.4971503019999999,3492.1400553333333,341.2155151333333,2.0227975846666664
2025-04-09 00:00:00+00:00,3274.6547853333336,319.39619953333334,0.317537864,2500.2242836666665,244.00167846666668,0.8708679276666667,3458.973144333333,337.3626200666667,0.284969886,3415.436035,333.284729,0.770232876
2025-04-09 01:00:00+00:00,3203.46533175,312.303573575,-0.14411333425,2428.93341075,236.957527175,0.51294576375,3374.1257325,328.912330625,-0.22838299374999999,3331.00933825,324.967262275,0.53737174725
2025-04-09 02:00:00+00:00,3200.44061275,311.751876825,-0.93063017725,2425.7244259999998,236.517101275,-0.0012212965000000034,3372.47882075,328.4906311,-0.99120663125,3331.01281725,324.802062975,0.050806062750000006
2025-04-09 03:00:00+00:00,3246.3615723333332,316.01441443333334,-1.5684741736666667,2471.3267416666667,240.78903706666665,-0.6865331233333333,3429.0943196666667,333.74282836666663,-1.7391304573333333,3385.697591,329.87895713333336,-0.6920696993333332
2025-04-09 04:00:00+00:00,3261.30004875,317.457595825,-1.60698580725,2486.77844225,242.306045525,-0.659501715,3440.18078625,334.866874675,-1.59672692425,3397.8347169999997,331.03794097499997,-0.76722031825
