ID_mosta,Zemepisná_dĺžka,Zemepisná_šírka,Počiatočný_uzol,Koncový_uzol,úsek_ID,ID_Mosta,ID_úseku,Start,End,Okres,StartNode_Latitude,StartNode_Longitude,EndNode_Latitude,EndNode_Longitude,Hexagon_Coordinates
M1979,17.079098102,48.757287384,3424A09200,3424A01900,259368,M1979,81866,3424A01900,3424A10900,Skalica,48.72919948,17.04803577,48.79972773,17.15804289,"[(48.757287384, 17.079370628365783), (48.75744297677133, 17.07923436518289), (48.75744297677133, 17.078961838817108), (48.757287384, 17.078825575634216), (48.75713179122867, 17.078961838817108), (48.75713179122867, 17.07923436518289), (48.757287384, 17.079370628365783)]"
M1833,16.994970512,48.634732118,3442A01106,3441A02300,8719,M1833,80070,3441A00200,3442A01106,Senica,,,48.63789248,16.99912278,"[(48.634732118, 16.995242375727763), (48.63488771077133, 16.99510644386388), (48.63488771077133, 16.994834580136118), (48.634732118, 16.994698648272234), (48.634576525228674, 16.994834580136118), (48.634576525228674, 16.99510644386388), (48.634732118, 16.995242375727763)]"
M3446,17.034921066,48.241369836,4422A33200,4422A40300,460524,M3446,80129,4422A05403,4422A32100,Bratislava IV,48.20536649,17.04271821,48.2520919,17.03327754,"[(48.241369836, 17.035190832766478), (48.241525428771325, 17.03505594938324), (48.241525428771325, 17.03478618261676), (48.241369836, 17.03465129923352), (48.24121424322867, 17.03478618261676), (48.24121424322867, 17.03505594938324), (48.241369836, 17.035190832766478)]"
M7099,17.0472,48.18906,4422A45001,4422A45101,460763,M7099,81581,4422A05905,4422A05402,Bratislava IV,48.1818022,17.05559365,48.2042783,17.04304234,"[(48.18906, 17.047469491298028), (48.189215592771326, 17.047334745649014), (48.189215592771326, 17.047065254350986), (48.18906, 17.046930508701973), (48.18890440722867, 17.047065254350986), (48.18890440722867, 17.047334745649014), (48.18906, 17.047469491298028)]"
M5333,17.131040629,48.125990691,4424A02802,4424A52301,7589,M5333,84112,4424A00505,4424A50901,Bratislava V,48.12950472,17.12988218,48.09442764,17.12127473,"[(48.125990691, 17.1313097892143), (48.12614628377133, 17.13117520910715), (48.12614628377133, 17.130906048892854), (48.125990691, 17.130771468785703), (48.12583509822867, 17.130906048892854), (48.12583509822867, 17.13117520910715), (48.125990691, 17.1313097892143)]"
M626,17.121223223,48.100213801,4424A17802,4424A02201,805774,M626,84112,4424A00505,4424A50901,Bratislava V,48.12950472,17.12988218,48.09442764,17.12127473,"[(48.100213801, 17.121492248225785), (48.10036939377133, 17.121357735612893), (48.10036939377133, 17.12108871038711), (48.100213801, 17.120954197774218), (48.100058208228674, 17.12108871038711), (48.100058208228674, 17.121357735612893), (48.100213801, 17.121492248225785)]"
M3917,18.783305904,49.455058609,2613A16300,2613A16400,194286,M3917,90262,2613A00600,2613A16100,Čadca,,,49.46604799,18.82353643,"[(49.455058609, 18.783582289869404), (49.45521420177133, 18.7834440969347), (49.45521420177133, 18.783167711065296), (49.455058609, 18.783029518130594), (49.45490301622867, 18.783167711065296), (49.45490301622867, 18.7834440969347), (49.455058609, 18.783582289869404)]"
M1812,18.837121187,49.420416996,2613A04102,2613A34300,212359,M1812,90270,2613A03316,2613A04102,Čadca,49.40158058,18.84057082,49.42215575,18.83719449,"[(49.420416996, 18.83739737771265), (49.42057258877133, 18.837259282356328), (49.42057258877133, 18.836983091643674), (49.420416996, 18.83684499628735), (49.42026140322867, 18.836983091643674), (49.42026140322867, 18.837259282356328), (49.420416996, 18.83739737771265)]"
M7332,18.808000211,49.334585861,2631A00602,2631A27600,345556,M7332,90290,2631A07800,2631A00602,Kysucké Nové Mesto,49.31204277,18.80222763,49.34077693,18.8096162,"[(49.334585861, 18.80827591979387), (49.33474145377133, 18.808138065396935), (49.33474145377133, 18.807862356603064), (49.334585861, 18.807724502206128), (49.33443026822867, 18.807862356603064), (49.33443026822867, 18.808138065396935), (49.334585861, 18.80827591979387)]"
M349,18.789231459,49.297463683,2631A00901,2631A00905,327896,M349,90291,2631A00901,2631A07800,Kysucké Nové Mesto,49.29770322,18.7896128,49.31204277,18.80222763,"[(49.297463683, 18.789506960074714), (49.297619275771325, 18.78936920953736), (49.297619275771325, 18.78909370846264), (49.297463683, 18.788955957925285), (49.29730809022867, 18.78909370846264), (49.29730809022867, 18.78936920953736), (49.297463683, 18.789506960074714)]"
M3109,21.651586179,49.108988042,2833A10700,2833A03300,151088,M3109,1159,2834B00400,2834B00400,Stropkov,49.07096468,21.68479262,49.07096468,21.68479262,"[(49.108988042, 21.65186063203173), (49.10914363477133, 21.651723405515867), (49.10914363477133, 21.65144895248413), (49.108988042, 21.651311725968267), (49.10883244922867, 21.65144895248413), (49.10883244922867, 21.651723405515867), (49.108988042, 21.65186063203173)]"
M6035,18.743762603,49.213912755,2631A00202,2631A01601,8554,M6035,90094,2631A00222,2631A01601,Žilina,49.21497334,18.73322673,49.21400551,18.74436619,"[(49.213912755, 18.744037638125782), (49.21406834777133, 18.74390012056289), (49.21406834777133, 18.74362508543711), (49.213912755, 18.74348756787422), (49.213757162228674, 18.74362508543711), (49.213757162228674, 18.74390012056289), (49.213912755, 18.744037638125782)]"
M3082,19.060337918,49.128421357,2634A07301,2634A07302,197653,M3082,90149,2634B00200,2634A00500,Martin,49.15088887,19.09633679,49.11377302,19.02271589,"[(49.128421357, 19.060612478587096), (49.12857694977133, 19.06047519829355), (49.12857694977133, 19.060200637706448), (49.128421357, 19.0600633574129), (49.12826576422867, 19.060200637706448), (49.12826576422867, 19.06047519829355), (49.128421357, 19.060612478587096)]"
M1444,19.139376302,49.152015507,2634A00102,2634B00300,1813,M1444,90158,2634B00300,2634B00200,Dolný Kubín,49.15092091,19.14712258,49.15088887,19.09633679,"[(49.152015507, 19.139650993326818), (49.15217109977133, 19.13951364766341), (49.15217109977133, 19.139238956336587), (49.152015507, 19.13910161067318), (49.15185991422867, 19.139238956336587), (49.15185991422867, 19.13951364766341), (49.152015507, 19.139650993326818)]"
M4815,20.308553768,49.0496897,2733A12200,2733A74000,440381,M4815,47,2734A01600,2733A12200,Poprad,49.03258584,20.34272148,49.04999766,20.30557193,"[(49.0496897, 20.308827893554906), (49.04984529277133, 20.308690830777454), (49.04984529277133, 20.308416705222545), (49.0496897, 20.308279642445093), (49.04953410722867, 20.308416705222545), (49.04953410722867, 20.308690830777454), (49.0496897, 20.308827893554906)]"
M3276,20.682807137,49.003711761,3721A29700,3721A29800,405302,M3276,80,3721A00100,3721A00400,Levoča,49.00705472,20.76675014,,,"[(49.003711761, 20.683081009379485), (49.00386735377133, 20.682944073189745), (49.00386735377133, 20.682670200810257), (49.003711761, 20.682533264620517), (49.00355616822867, 20.682670200810257), (49.00355616822867, 20.682944073189745), (49.003711761, 20.683081009379485)]"
M618,18.156527732,48.791633278,3523A31600,3523A31700,382704,M618,80640,3523A00500,3523A00400,Trenčín,48.79136933,18.16123766,,,"[(48.791633278, 18.156800444872903), (48.79178887077133, 18.15666408843645), (48.79178887077133, 18.15639137556355), (48.791633278, 18.156255019127098), (48.79147768522867, 18.15639137556355), (48.79147768522867, 18.15666408843645), (48.791633278, 18.156800444872903)]"
M1481,18.250250856,48.724238292,3523A01100,3523A38000,8993,M1481,80661,3523A01201,3523A01100,Bánovce nad Bebravou,48.71221711,18.255525,48.72455409,18.25013918,"[(48.724238292, 18.250523203233648), (48.72439388477133, 18.250387029616824), (48.72439388477133, 18.250114682383177), (48.724238292, 18.249978508766354), (48.724082699228674, 18.250114682383177), (48.724082699228674, 18.250387029616824), (48.724238292, 18.250523203233648)]"
M3959,18.383804468,48.695056415,3524A07400,3524B00200,398912,M3959,83668,3524B00200,3523A01300,Partizánske,48.69504735,18.38378068,48.69810311,18.28568265,"[(48.695056415, 18.38407665733342), (48.69521200777133, 18.383940562666712), (48.69521200777133, 18.38366837333329), (48.695056415, 18.383532278666582), (48.694900822228675, 18.38366837333329), (48.694900822228675, 18.383940562666712), (48.695056415, 18.38407665733342)]"
M562,18.867866353,48.580997819,3631A28200,3631A28300,386110,M562,92151,3631A00102,3631A00803,Žiar nad Hronom,48.57935835,18.87294091,48.58671657,18.86061986,"[(48.580997819, 18.86813792760073), (48.581153411771325, 18.868002140300366), (48.581153411771325, 18.867730565699635), (48.580997819, 18.86759477839927), (48.58084222622867, 18.867730565699635), (48.58084222622867, 18.868002140300366), (48.580997819, 18.86813792760073)]"
M5723,19.334897026,48.545845803,3641A14801,3641A00501,665921,M5723,90490,3641A03000,3632A01802,Detva,48.54349381,19.39255726,48.54930833,19.30402787,"[(48.545845803, 19.335168411920563), (48.54600139577133, 19.33503271896028), (48.54600139577133, 19.33476133303972), (48.545845803, 19.334625640079437), (48.54569021022867, 19.33476133303972), (48.54569021022867, 19.33503271896028), (48.545845803, 19.335168411920563)]"
M801,19.642474101,48.375213151,3643A01100,3643A22400,3766,M801,90536,3643A01201,3643A01100,Lučenec,48.36739107,19.64914755,48.37884172,19.63713974,"[(48.375213151, 19.64274457619697), (48.375368743771325, 19.642609338598486), (48.375368743771325, 19.642338863401516), (48.375213151, 19.64220362580303), (48.37505755822867, 19.642338863401516), (48.37505755822867, 19.642609338598486), (48.375213151, 19.64274457619697)]"
M2191,19.995275431,48.391020489,3644A00302,3733A35700,4293,M2191,90590,3733A00603,3644A00302,Rimavská Sobota,48.39194097,20.02017324,48.3903462,19.9930204,"[(48.391020489, 19.995545990208285), (48.39117608177133, 19.99541071060414), (48.39117608177133, 19.99514015139586), (48.391020489, 19.995004871791714), (48.39086489622867, 19.99514015139586), (48.39086489622867, 19.99541071060414), (48.391020489, 19.995545990208285)]"
M4121,20.316429784,48.423772574,3733A01600,3733A08900,4255,M4121,90641,3733A00100,3733A01600,Revúca,48.42311636,20.32240234,48.42467063,20.31163061,"[(48.423772574, 20.316700517507723), (48.423928166771326, 20.31656515075386), (48.423928166771326, 20.31629441724614), (48.423772574, 20.316159050492278), (48.42361698122867, 20.31629441724614), (48.42361698122867, 20.31656515075386), (48.423772574, 20.316700517507723)]"
M5754,22.211309242,48.730923491,3823A01000,3823A16200,2370,M5754,360,3823A01100,3823A00103,Sobrance,48.6867608,22.24055843,48.73825567,22.20865407,"[(48.730923491, 22.21158162544234), (48.73107908377133, 22.211445433721167), (48.73107908377133, 22.21117305027883), (48.730923491, 22.21103685855766), (48.73076789822867, 22.21117305027883), (48.73076789822867, 22.211445433721167), (48.730923491, 22.21158162544234)]"
M6188,18.659612124,48.235971272,4522A01400,4611A23000,8067,M6188,81750,4611A00300,4522A00609,Levice,48.2635198,18.70932548,48.22427228,18.61878992,"[(48.235971272, 18.659881862300676), (48.23612686477133, 18.659746993150335), (48.23612686477133, 18.659477254849662), (48.235971272, 18.659342385699322), (48.23581567922867, 18.659477254849662), (48.23581567922867, 18.659746993150335), (48.235971272, 18.659881862300676)]"
M5574,18.929235785,48.268684144,4611A00801,4611A29400,2330,M5574,91620,4611A00101,4611B00100,Krupina,48.28404231,18.98708501,48.26531294,18.82616285,"[(48.268684144, 18.929505695919556), (48.268839736771326, 18.929370740459778), (48.268839736771326, 18.92910082954022), (48.268684144, 18.928965874080443), (48.26852855122867, 18.92910082954022), (48.26852855122867, 18.929370740459778), (48.268684144, 18.929505695919556)]"
M3843,18.926562735,48.354578798,3633A14500,3633A41000,234173,M3843,92538,3633A01200,4611B00500,Banská Štiavnica,48.36273662,18.92308473,48.3362671,18.95307089,"[(48.354578798, 18.926833100640927), (48.35473439077133, 18.926697917820462), (48.35473439077133, 18.92642755217954), (48.354578798, 18.926292369359075), (48.35442320522867, 18.92642755217954), (48.35442320522867, 18.926697917820462), (48.354578798, 18.926833100640927)]"
M3516,18.977657501,48.509415482,3633A13402,3631A02100,1372789,M3516,91650,3632B00700,3633A01700,Banská Štiavnica,48.54159717,19.00407535,48.47515227,18.91155564,"[(48.509415482, 18.977928691763115), (48.50957107477133, 18.977793096381557), (48.50957107477133, 18.977521905618442), (48.509415482, 18.977386310236884), (48.50925988922867, 18.977521905618442), (48.50925988922867, 18.977793096381557), (48.509415482, 18.977928691763115)]"
M3265,19.124915855,48.778806376,3614A40700,3614A00801,744980,M3265,90660,3614A00101,3614A06005,Banská Bystrica,48.78988435,19.10380261,48.75190104,19.13884248,"[(48.778806376, 19.125188498178176), (48.77896196877133, 19.125052176589087), (48.77896196877133, 19.124779533410916), (48.778806376, 19.124643211821827), (48.77865078322867, 19.124779533410916), (48.77865078322867, 19.125052176589087), (48.778806376, 19.125188498178176)]"
M5373,19.288572217,48.99947047,3612A10300,3612A03400,1004712,M5373,90700,3612A03900,3612A00400,Ružomberok,49.02339126,19.29266644,48.95286174,19.26110684,"[(48.99947047, 19.288846066057445), (48.99962606277133, 19.288709141528724), (48.99962606277133, 19.288435292471274), (48.99947047, 19.288298367942552), (48.99931487722867, 19.288435292471274), (48.99931487722867, 19.288709141528724), (48.99947047, 19.288846066057445)]"
M2489,19.303192746,49.085504971,2634A00313,2634A02703,1004750,M2489,90721,2634A29100,2634A00305,Ružomberok,49.10232932,19.30454339,49.0850341,19.30267197,"[(49.085504971, 19.303467069217117), (49.08566056377133, 19.303329907608557), (49.08566056377133, 19.303055584391444), (49.085504971, 19.302918422782884), (49.08534937822867, 19.303055584391444), (49.08534937822867, 19.303329907608557), (49.085504971, 19.303467069217117)]"
M6759,17.145321145,48.156203986,4424A01809,4424A01810,7397,M6759,84161,4424A02003,4424A01202,Bratislava II,48.16134336,17.14095362,48.15108006,17.14847041,"[(48.156203986, 17.14559046367737), (48.15635957877133, 17.145455804338685), (48.15635957877133, 17.145186485661316), (48.156203986, 17.145051826322632), (48.15604839322867, 17.145186485661316), (48.15604839322867, 17.145455804338685), (48.156203986, 17.14559046367737)]"
M1693,17.418436401,48.261798391,4511A21900,4511A22000,372153,M1693,80150,4511A01601,4511A00201,Senec,48.26353087,17.42284757,48.24304788,17.35825715,"[(48.261798391, 17.418706275559234), (48.26195398377133, 17.41857133827962), (48.26195398377133, 17.418301463720383), (48.261798391, 17.418166526440768), (48.26164279822867, 17.418301463720383), (48.26164279822867, 17.41857133827962), (48.261798391, 17.418706275559234)]"
M5221,17.568473971,48.347689069,3533A02701,3533A28600,6626,M5221,80190,3533A28900,4511A02102,Trnava,,,48.3150242,17.50559284,"[(48.347689069, 17.56874430008816), (48.347844661771326, 17.56860913554408), (48.347844661771326, 17.56833880645592), (48.347689069, 17.56820364191184), (48.34753347622867, 17.56833880645592), (48.34753347622867, 17.56860913554408), (48.347689069, 17.56874430008816)]"
M5492,17.64997038,48.407182327,3533A25200,3534A33500,436990,M5492,80200,3534A00101,3533A02202,Trnava,48.43733686,17.70139157,48.38958163,17.61223891,"[(48.407182327, 17.650241025178943), (48.40733791977133, 17.65010570258947), (48.40733791977133, 17.649835057410527), (48.407182327, 17.649699734821056), (48.40702673422867, 17.649835057410527), (48.40702673422867, 17.65010570258947), (48.407182327, 17.650241025178943)]"
M6211,18.034455281,48.894944854,3521A51704,3521A00401,389074,M6211,80032,3521A00401,3521A00304,Trenčín,48.89375266,18.03649227,48.89960171,18.0292673,"[(48.894944854, 18.034728557016425), (48.89510044677133, 18.03459191900821), (48.89510044677133, 18.03431864299179), (48.894944854, 18.034182004983574), (48.894789261228674, 18.03431864299179), (48.894789261228674, 18.03459191900821), (48.894944854, 18.034728557016425)]"
M1885,18.470583394,49.156696957,2544A57000,2544A08411,945273,M1885,90059,2544B00600,2544A00800,Považská Bystrica,49.17553539,18.5067297,49.14078533,18.46989009,"[(49.156696957, 18.470858111287978), (49.15685254977133, 18.470720752643988), (49.15685254977133, 18.47044603535601), (49.156696957, 18.47030867671202), (49.15654136422867, 18.47044603535601), (49.15654136422867, 18.470720752643988), (49.156696957, 18.470858111287978)]"
M3054,18.540328694,49.196973589,2542A01101,2542A01001,1763,M3054,90069,2542A01001,2544B00600,Bytča,49.20027415,18.54539869,49.17553539,18.5067297,"[(49.196973589, 18.54060363492233), (49.19712918177133, 18.540466164461165), (49.19712918177133, 18.540191223538834), (49.196973589, 18.540053753077668), (49.196817996228674, 18.540191223538834), (49.196817996228674, 18.540466164461165), (49.196973589, 18.54060363492233)]"
M2437,17.728370438,48.282674985,4512A22700,4512A22800,507743,M2437,80811,4512A00200,4512A00102,Galanta,48.28497777,17.73380794,48.28219368,17.72718895,"[(48.282674985, 17.728640422840606), (48.28283057777133, 17.728505430420302), (48.28283057777133, 17.728235445579696), (48.282674985, 17.728100453159392), (48.28251939222867, 17.728235445579696), (48.28251939222867, 17.728505430420302), (48.282674985, 17.728640422840606)]"
M1514,18.143206219,47.76215808,4543A14200,4543A14301,369248,M1514,80412,4543A00600,4543A00106,Komárno,47.76721901,18.15334412,47.76274984,18.1312361,"[(47.76215808, 18.14347349132844), (47.76231367277133, 18.143339855164218), (47.76231367277133, 18.14307258283578), (47.76215808, 18.14293894667156), (47.76200248722867, 18.14307258283578), (47.76200248722867, 18.143339855164218), (47.76215808, 18.14347349132844)]"
M4653,18.584740079,47.784954124,4544A08400,4544A08500,418392,M4653,83138,4544A00900,4544B00100,Nové Zámky,47.79012927,18.60218802,47.7618374,18.51143372,"[(47.784954124, 18.585007468520523), (47.78510971677133, 18.58487377376026), (47.78510971677133, 18.584606384239738), (47.784954124, 18.584472689479476), (47.784798531228674, 18.584606384239738), (47.784798531228674, 18.58487377376026), (47.784954124, 18.585007468520523)]"
M3882,18.183842362,48.554608215,3541A08705,3541A55200,427991,M3882,80564,3541A08801,3541A01800,Topoľčany,48.53941949,18.14960711,,,"[(48.554608215, 18.184113794919146), (48.55476380777133, 18.18397807845957), (48.55476380777133, 18.18370664554043), (48.554608215, 18.183570929080854), (48.55445262222867, 18.18370664554043), (48.55445262222867, 18.18397807845957), (48.554608215, 18.184113794919146)]"
M4962,18.219416859,48.60137404,3541A47400,3541A00700,427119,M4962,80570,3541A00700,3541A00602,Topoľčany,48.60211774,18.22040288,48.57425178,18.18941203,"[(48.60137404, 18.219688543138105), (48.60152963277133, 18.219552701069052), (48.60152963277133, 18.219281016930946), (48.60137404, 18.219145174861893), (48.601218447228675, 18.219281016930946), (48.601218447228675, 18.219552701069052), (48.60137404, 18.219688543138105)]"
M6016,18.624989645,48.766570377,3524A11300,3524A36600,954229,M6016,91443,3524A50100,3524A00202,Prievidza,48.76898854,18.62533212,48.76280139,18.62434375,"[(48.766570377, 18.625262221740027), (48.76672596977133, 18.62512593337001), (48.76672596977133, 18.624853356629988), (48.766570377, 18.624717068259972), (48.76641478422867, 18.624853356629988), (48.76641478422867, 18.62512593337001), (48.766570377, 18.625262221740027)]"
M121,18.727188541,49.178379886,2633A41100,2633A41200,402155,M121,91360,2633A42600,2633A01600,Žilina,49.18870125,18.73374213,49.16892874,18.72093945,"[(49.178379886, 18.72746337861945), (49.17853547877133, 18.727325959809725), (49.17853547877133, 18.727051122190275), (49.178379886, 18.72691370338055), (49.17822429322867, 18.727051122190275), (49.17822429322867, 18.727325959809725), (49.178379886, 18.72746337861945)]"
M5828,18.147843268,48.330093679,4521A32600,4521A32700,509754,M5828,80350,4521A02400,4521A00204,Nitra,48.33971713,18.16704009,48.31706234,18.11058846,"[(48.330093679, 18.148113503800154), (48.33024927177133, 18.14797838590008), (48.33024927177133, 18.14770815009992), (48.330093679, 18.147573032199844), (48.32993808622867, 18.14770815009992), (48.32993808622867, 18.14797838590008), (48.330093679, 18.148113503800154)]"
M7339,18.379678773,48.354953261,3544A05307,3544A00201,93380,M7339,80380,3544A00201,3544A00301,Zlaté Moravce,48.36021913,18.38369665,48.34994622,18.36641237,"[(48.354953261, 18.379949140627993), (48.35510885377133, 18.379813956813997), (48.35510885377133, 18.379543589186), (48.354953261, 18.379408405372004), (48.35479766822867, 18.379543589186), (48.35479766822867, 18.379813956813997), (48.354953261, 18.379949140627993)]"
M2721,18.619312763,48.401243213,3544A30800,3544A30900,423675,M2721,90810,3544A31000,3544A02706,Žarnovica,48.4092365,18.63287222,48.36289084,18.57813021,"[(48.401243213, 18.619583376577797), (48.40139880577133, 18.6194480697889), (48.40139880577133, 18.6191774562111), (48.401243213, 18.619042149422203), (48.40108762022867, 18.6191774562111), (48.40108762022867, 18.6194480697889), (48.401243213, 18.619583376577797)]"
M5155,18.891821663,48.605425248,3631A36901,3631A37002,386204,M5155,91350,3631A01900,3631A00206,Žiar nad Hronom,48.65387178,18.91038776,48.59012299,18.89542915,"[(48.605425248, 18.892093368930997), (48.60558084077133, 18.891957515965498), (48.60558084077133, 18.891685810034506), (48.605425248, 18.891549957069007), (48.605269655228675, 18.891685810034506), (48.605269655228675, 18.891957515965498), (48.605425248, 18.892093368930997)]"
M6288,18.905363436,48.765469094,3613A01100,3613A05200,2421,M6288,91320,3613A01200,3613B00200,Turčianske Teplice,48.7778947,18.88083939,48.75080705,18.90137031,"[(48.765469094, 18.905636006762556), (48.765624686771325, 18.905499721381275), (48.765624686771325, 18.90522715061872), (48.765469094, 18.90509086523744), (48.76531350122867, 18.90522715061872), (48.76531350122867, 18.905499721381275), (48.765469094, 18.905636006762556)]"
M1973,18.965491169,48.245773916,4611A01300,4611A01400,2397,M1973,91600,4611A01400,4611A01300,Krupina,48.26405533,18.99077836,48.21293146,18.92843582,"[(48.245773916, 18.965760958994746), (48.245929508771326, 18.965626063997373), (48.245929508771326, 18.965356274002627), (48.245773916, 18.965221379005254), (48.24561832322867, 18.965356274002627), (48.24561832322867, 18.965626063997373), (48.245773916, 18.965760958994746)]"
M2889,19.117412792,48.533722647,3632A16300,3632A02100,474204,M2889,91530,3632A32900,3632A02000,Zvolen,48.56498822,19.13385752,48.51820071,19.09882467,"[(48.533722647, 19.11768411293339), (48.533878239771326, 19.117548452466693), (48.533878239771326, 19.117277131533307), (48.533722647, 19.11714147106661), (48.53356705422867, 19.117277131533307), (48.53356705422867, 19.117548452466693), (48.533722647, 19.11768411293339)]"
M2717,19.229849207,48.745044411,3614A01400,3614A01501,2892,M2717,90897,3623A00501,3614A01504,Banská Bystrica,48.78080315,19.33766586,48.7461297,19.23288128,"[(48.745044411, 19.230121666968586), (48.74520000377133, 19.229985436984293), (48.74520000377133, 19.22971297701571), (48.745044411, 19.229576747031416), (48.744888818228674, 19.22971297701571), (48.744888818228674, 19.229985436984293), (48.745044411, 19.230121666968586)]"
M5243,19.482796949,48.81313604,3623A01209,3623A26700,493358,M5243,90920,3623A01300,3623A01209,Brezno,,,48.81222985,19.4518354,"[(48.81313604, 19.483069778818404), (48.81329163277133, 19.4829333639092), (48.81329163277133, 19.4826605340908), (48.81313604, 19.482524119181598), (48.812980447228675, 19.4826605340908), (48.812980447228675, 19.4829333639092), (48.81313604, 19.483069778818404)]"
M3592,20.44036306,48.714229935,3714A00102,3714A10800,4813,M3592,650,3714A00401,3714A00102,Rožňava,48.71642288,20.42468082,48.71129433,20.47389158,"[(48.714229935, 20.44063535305083), (48.71438552777133, 20.440499206525413), (48.71438552777133, 20.440226913474586), (48.714229935, 20.44009076694917), (48.71407434222867, 20.440226913474586), (48.71407434222867, 20.440499206525413), (48.714229935, 20.44063535305083)]"
M5392,20.344645001,49.103832589,2734A19200,2734A19300,318864,M5392,1300,2734A00600,2733A05921,Kežmarok,,,49.07304091,20.32798013,"[(49.103832589, 20.34491942551787), (49.10398818177133, 20.344782213258934), (49.10398818177133, 20.344507788741065), (49.103832589, 20.34437057648213), (49.10367699622867, 20.344507788741065), (49.10367699622867, 20.344782213258934), (49.103832589, 20.34491942551787)]"
M5624,20.42473,49.13855,2734A15601,2734A01101,318803,M5624,1313,2734A01101,2734A00502,Kežmarok,49.13861067,20.42462947,49.13446683,20.42815558,"[(49.13855, 20.425004616690906), (49.13870559277133, 20.42486730834545), (49.13870559277133, 20.42459269165455), (49.13855, 20.424455383309095), (49.138394407228674, 20.42459269165455), (49.138394407228674, 20.42486730834545), (49.13855, 20.425004616690906)]"
M6289,20.68637,49.30669,2741A02002,2741A27900,5202,M6289,861,2741A05201,2741A00100,Stará Ľubovňa,49.30558386,20.68717357,49.30983369,20.68275935,"[(49.30669, 20.686645552661037), (49.30684559277133, 20.68650777633052), (49.30684559277133, 20.68623222366948), (49.30669, 20.686094447338963), (49.306534407228675, 20.68623222366948), (49.306534407228675, 20.68650777633052), (49.30669, 20.686645552661037)]"
M6062,21.083708972,49.109070417,2744A12400,2744A12500,292294,M6062,933,2744A01000,2744A12400,Sabinov,,,49.11402544,21.07577276,"[(49.109070417, 21.0839834254874), (49.10922600977133, 21.0838461987437), (49.10922600977133, 21.0835717452563), (49.109070417, 21.0834345185126), (49.10891482422867, 21.0835717452563), (49.10891482422867, 21.0838461987437), (49.109070417, 21.0839834254874)]"
M5833,21.25067,48.9906,3722A39400,3722A00902,455330,M5833,153,3722A01600,3722A51100,Prešov,,,48.99387695,21.24842264,"[(48.9906, 21.25094380029814), (48.99075559277133, 21.25080690014907), (48.99075559277133, 21.25053309985093), (48.9906, 21.25039619970186), (48.99044440722867, 21.25053309985093), (48.99044440722867, 21.25080690014907), (48.9906, 21.25094380029814)]"
M1211,19.227349748,49.202099545,2632A00300,2632A16400,2791,M1211,91230,2632A00600,2634A00200,Dolný Kubín,49.21207577,19.2725001,49.19293107,19.19454868,"[(49.202099545, 19.227624717419864), (49.20225513777133, 19.227487232709933), (49.20225513777133, 19.22721226329007), (49.202099545, 19.22707477858014), (49.201943952228675, 19.22721226329007), (49.201943952228675, 19.227487232709933), (49.202099545, 19.227624717419864)]"
M1195,19.941654404,48.661439887,3642A13900,3642A16500,394922,M1195,92000,3624A00100,3642A13000,Rimavská Sobota,48.68097741,19.94305003,48.62268165,19.95402296,"[(48.661439887, 19.941926411751933), (48.66159547977133, 19.941790407875967), (48.66159547977133, 19.941518400124036), (48.661439887, 19.94138239624807), (48.66128429422867, 19.941518400124036), (48.66128429422867, 19.941790407875967), (48.661439887, 19.941926411751933)]"
M6817,19.646389052,48.806011604,3623A29100,3623A26501,1036060,M6817,92061,3623A00200,3623A04300,Brezno,48.80629629,19.64426871,48.80504084,19.64835685,"[(48.806011604, 19.646661843055888), (48.80616719677133, 19.646525447527942), (48.80616719677133, 19.646252656472058), (48.806011604, 19.646116260944112), (48.80585601122867, 19.646252656472058), (48.80585601122867, 19.646525447527942), (48.806011604, 19.646661843055888)]"
M885,21.54719241,49.1683246,2833A02503,2833A13600,260119,M885,1379,2833A02600,2833A02403,Svidník,49.18142156,21.55368821,49.13337682,21.5501635,"[(49.1683246, 21.547467191798688), (49.16848019277133, 21.547329800899345), (49.16848019277133, 21.547055019100657), (49.1683246, 21.546917628201314), (49.16816900722867, 21.547055019100657), (49.16816900722867, 21.547329800899345), (49.1683246, 21.547467191798688)]"
M5001,21.564725213,49.213660056,2831A00400,2831A20400,5800,M5001,1386,2831A00501,2831A00400,Svidník,49.24378334,21.58457327,49.21200164,21.56295311,"[(49.213660056, 21.565000246719798), (49.21381564877133, 21.5648627298599), (49.21381564877133, 21.564587696140098), (49.213660056, 21.5644501792802), (49.213504463228674, 21.564587696140098), (49.213504463228674, 21.5648627298599), (49.213660056, 21.565000246719798)]"
M6681,21.832794828,48.888937282,3812B00400,3812B00500,982487,M6681,1789,3812A07302,3812B00200,Humenné,48.92909527,21.87149901,,,"[(48.888937282, 21.833068071181582), (48.88909287477133, 21.83293144959079), (48.88909287477133, 21.83265820640921), (48.888937282, 21.83252158481842), (48.88878168922867, 21.83265820640921), (48.88878168922867, 21.83293144959079), (48.888937282, 21.833068071181582)]"
M4240,21.91240125,48.928456086,3812A21102,3812A01500,625408,M4240,1203,3812A01500,3812A00502,Humenné,48.92772554,21.91314131,48.93327402,21.90734038,"[(48.928456086, 21.91267470937467), (48.928611678771325, 21.912537979687336), (48.928611678771325, 21.91226452031266), (48.928456086, 21.912127790625327), (48.92830049322867, 21.91226452031266), (48.92830049322867, 21.912537979687336), (48.928456086, 21.91267470937467)]"
M2098,22.129692862,48.982086895,3821A07000,3821A07100,196899,M2098,1230,3821A07100,3821A00601,Snina,48.98205594,22.13182417,48.97778836,22.10496499,"[(48.982086895, 22.129966615525692), (48.98224248777133, 22.129829738762847), (48.98224248777133, 22.12955598523715), (48.982086895, 22.129419108474305), (48.98193130222867, 22.12955598523715), (48.98193130222867, 22.129829738762847), (48.982086895, 22.129966615525692)]"
M1939,22.412891691,48.891101352,3822A08600,3822B00200,196992,M1939,2916,3822A00200,3822A00102,Snina,48.88409415,22.42027056,48.89886783,22.38910419,"[(48.891101352, 22.413164946008216), (48.89125694477133, 22.413028318504107), (48.89125694477133, 22.41275506349589), (48.891101352, 22.41261843599178), (48.89094575922867, 22.41275506349589), (48.89094575922867, 22.413028318504107), (48.891101352, 22.413164946008216)]"
M6115,17.880028259,48.16026958,4514A02500,4514A31400,8666,M6115,81352,4514A00402,4514A02500,Šaľa,48.16414954,17.88508826,48.15663711,17.875899,"[(48.16026958, 17.880297599020608), (48.160425172771326, 17.880162929010304), (48.160425172771326, 17.879893588989695), (48.16026958, 17.87975891897939), (48.16011398722867, 17.879893588989695), (48.16011398722867, 17.880162929010304), (48.16026958, 17.880297599020608)]"
M5125,18.187287894,47.995584411,4541A29000,4541A29100,416570,M5125,83946,4541A01500,4541A01400,Nové Zámky,47.98994105,18.2080749,,,"[(47.995584411, 18.187556373246665), (47.99574000377133, 18.187422133623333), (47.99574000377133, 18.18715365437667), (47.995584411, 18.187019414753337), (47.995428818228675, 18.18715365437667), (47.995428818228675, 18.187422133623333), (47.995584411, 18.187556373246665)]"
M3603,19.310797722,48.202945713,4612A19600,4612A01000,374355,M3603,92330,4621A14200,4612A00900,Veľký Krtíš,48.21087449,19.33374511,48.20190818,19.30864037,"[(48.202945713, 19.311067286344716), (48.20310130577133, 19.310932504172357), (48.20310130577133, 19.310662939827644), (48.202945713, 19.310528157655284), (48.20279012022867, 19.310662939827644), (48.20279012022867, 19.310932504172357), (48.202945713, 19.311067286344716)]"
M5550,19.431970325,48.263788539,4621A00200,4621A16000,3811,M5550,91780,4621A00800,4621A00200,Veľký Krtíš,48.26958635,19.45053316,48.23473764,19.42116533,"[(48.263788539, 19.432240210066833), (48.263944131771325, 19.43210526753342), (48.263944131771325, 19.431835382466584), (48.263788539, 19.43170043993317), (48.26363294622867, 19.431835382466584), (48.26363294622867, 19.43210526753342), (48.263788539, 19.432240210066833)]"
M4698,19.672630854,48.332719267,4622A15402,4622A33302,639228,M4698,91902,3644A00103,4622A00300,Lučenec,48.34235018,19.68180957,,,"[(48.332719267, 19.67290110371491), (48.33287485977133, 19.672765978857456), (48.33287485977133, 19.672495729142547), (48.332719267, 19.672360604285092), (48.33256367422867, 19.672495729142547), (48.33256367422867, 19.672765978857456), (48.332719267, 19.67290110371491)]"
M4087,21.25675,49.29704,2742A10100,2742A33900,320697,M4087,1041,2742A03701,2742A09900,Bardejov,49.29500669,21.27902776,49.29838959,21.2508142,"[(49.29704, 21.257025498706447), (49.29719559277133, 21.256887749353226), (49.29719559277133, 21.256612250646775), (49.29704, 21.256474501293553), (49.296884407228674, 21.256612250646775), (49.296884407228674, 21.256887749353226), (49.29704, 21.257025498706447)]"
M660,19.461463513,49.400105356,2623A01300,2623A08500,92,M660,92890,2623A08500,2623A00700,Námestovo,49.40204951,19.47215093,49.38771733,19.45118166,"[(49.400105356, 19.461739589460166), (49.400260948771326, 19.461601551230086), (49.400260948771326, 19.461325474769918), (49.400105356, 19.461187436539838), (49.39994976322867, 19.461325474769918), (49.39994976322867, 19.461601551230086), (49.400105356, 19.461739589460166)]"
M2040,21.67401921,48.856126684,3812A36100,3812A01900,403886,M2040,1522,3812A01900,3812A04102,Vranov nad Topľou,48.85381814,21.67505182,48.87957075,21.66782184,"[(48.856126684, 21.67429227404485), (48.85628227677133, 21.674155742022425), (48.85628227677133, 21.673882677977577), (48.856126684, 21.673746145955153), (48.855971091228675, 21.673882677977577), (48.855971091228675, 21.674155742022425), (48.856126684, 21.67429227404485)]"
M3640,18.721645922,48.483090582,3633A32200,3633A00100,423698,M3640,90831,3633A00100,3633A00203,Žarnovica,48.48333851,18.72169308,48.47446015,18.71478934,"[(48.483090582, 18.721916971983234), (48.48324617477133, 18.721781446991617), (48.48324617477133, 18.721510397008384), (48.483090582, 18.721374872016767), (48.482934989228674, 18.721510397008384), (48.482934989228674, 18.721781446991617), (48.483090582, 18.721916971983234)]"
M5803,17.77092069,48.590724346,3532A01400,3532A02805,987,M5803,81910,3532A02805,3532A00500,Piešťany,48.58998183,17.78679947,48.59286125,17.747898,"[(48.590724346, 17.771192316872757), (48.59087993877133, 17.77105650343638), (48.59087993877133, 17.77078487656362), (48.590724346, 17.770649063127244), (48.59056875322867, 17.77078487656362), (48.59056875322867, 17.77105650343638), (48.590724346, 17.771192316872757)]"
M4819,17.432732451,48.144262336,4513A33700,4513B00100,289779,M4819,81618,4513B00100,4513A01702,Dunajská Streda,48.14435539,17.43278208,48.12543073,17.42398802,"[(48.144262336, 17.43300170701441), (48.144417928771325, 17.432867079007202), (48.144417928771325, 17.432597822992797), (48.144262336, 17.43246319498559), (48.14410674322867, 17.432597822992797), (48.14410674322867, 17.432867079007202), (48.144262336, 17.43300170701441)]"
M2684,17.281569346,48.287378488,4422A76500,4422A09100,896261,M2684,81100,4422A03703,4422A02000,Pezinok,48.28840666,17.27983109,48.26793696,17.3055767,"[(48.287378488, 17.281839355704424), (48.28753408077133, 17.281704350852213), (48.28753408077133, 17.28143434114779), (48.287378488, 17.28129933629558), (48.28722289522867, 17.28143434114779), (48.28722289522867, 17.281704350852213), (48.287378488, 17.281839355704424)]"
M419,17.746908697,48.58860475,3532A26400,3532A26500,408794,M419,82060,3532A00500,3534A01600,Piešťany,48.59286125,17.747898,48.51056954,17.72252501,"[(48.58860475, 17.7471803124793), (48.58876034277133, 17.747044504739648), (48.58876034277133, 17.74677288926035), (48.58860475, 17.746637081520696), (48.58844915722867, 17.74677288926035), (48.58844915722867, 17.747044504739648), (48.58860475, 17.7471803124793)]"
M3293,17.596130864,47.863828069,4531A27000,4531A43000,290119,M3293,82120,4533A00300,4531A00300,Dunajská Streda,47.82119776,17.61867255,,,"[(47.863828069, 17.596398660124873), (47.86398366177133, 17.596264762062436), (47.86398366177133, 17.595996965937562), (47.863828069, 17.595863067875126), (47.86367247622867, 17.595996965937562), (47.86367247622867, 17.596264762062436), (47.863828069, 17.596398660124873)]"
M7460,17.920703617,48.811457687,3514A40000,3514B00200,290525,M7460,82240,3514A01800,3514A00400,Nové Mesto nad Váhom,,,48.76029598,17.88724397,"[(48.811457687, 17.920976437685475), (48.81161327977133, 17.920840027342738), (48.81161327977133, 17.920567206657264), (48.811457687, 17.920430796314527), (48.81130209422867, 17.920567206657264), (48.81130209422867, 17.920840027342738), (48.811457687, 17.920976437685475)]"
M6917,18.252480565,49.043265003,2543A39700,2543B00200,1378507,M6917,92206,2543A02103,2543A01700,Ilava,49.06861439,18.28755691,49.03127768,18.23037672,"[(49.043265003, 18.252754655138865), (49.04342059577133, 18.252617610069432), (49.04342059577133, 18.252343519930566), (49.043265003, 18.252206474861133), (49.04310941022867, 18.252343519930566), (49.04310941022867, 18.252617610069432), (49.043265003, 18.252754655138865)]"
M6419,18.307575772,49.109224153,2543A17500,2543A17600,343373,M6419,92210,2543A00102,2543A02102,Púchov,49.11729218,18.31424505,49.06881121,18.28811246,"[(49.109224153, 18.307850226337816), (49.10937974577133, 18.307712999168906), (49.10937974577133, 18.307438544831093), (49.109224153, 18.307301317662183), (49.10906856022867, 18.307438544831093), (49.10906856022867, 18.307712999168906), (49.109224153, 18.307850226337816)]"
M6702,17.791829092,48.430096307,3534A50102,3534A00404,905599,M6702,81140,3534A00404,3534A02302,Hlohovec,48.42810519,17.79579063,,,"[(48.430096307, 17.792099859197307), (48.43025189977133, 17.791964475598654), (48.43025189977133, 17.791693708401347), (48.430096307, 17.791558324802693), (48.42994071422867, 17.791693708401347), (48.42994071422867, 17.791964475598654), (48.430096307, 17.792099859197307)]"
M3832,17.846496375,48.764014205,3514A00310,3514A74300,314167,M3832,83630,3514A00400,3514A00310,Nové Mesto nad Váhom,48.76029598,17.88724397,48.76410036,17.8454965,"[(48.764014205, 17.846768937866365), (48.76416979777133, 17.846632656433183), (48.76416979777133, 17.84636009356682), (48.764014205, 17.846223812133637), (48.763858612228674, 17.84636009356682), (48.763858612228674, 17.846632656433183), (48.764014205, 17.846768937866365)]"
M7186,18.505753631,49.089675593,2544A01500,2544A67000,7293,M7186,92380,2544A01600,2544A15900,Považská Bystrica,49.08618044,18.52011784,49.09448663,18.47802394,"[(49.089675593, 18.506027977260015), (49.08983118577133, 18.505890804130008), (49.08983118577133, 18.505616457869994), (49.089675593, 18.505479284739987), (49.089520000228674, 18.505616457869994), (49.089520000228674, 18.505890804130008), (49.089675593, 18.506027977260015)]"
M3069,18.807331782,48.940475796,3611A31800,3611A31900,376913,M3069,92420,3611A02000,3611A01700,Turčianske Teplice,,,48.91511736,18.77063387,"[(48.940475796, 18.80760530722384), (48.94063138877133, 18.807468544611922), (48.94063138877133, 18.807195019388075), (48.940475796, 18.807058256776156), (48.94032020322867, 18.807195019388075), (48.94032020322867, 18.807468544611922), (48.940475796, 18.80760530722384)]"
M7335,19.720579335,49.358776477,2642A03300,2642A00202,1385360,M7335,92460,2642A00200,2641A04804,Tvrdošín,,,49.3621606,19.63587223,"[(49.358776477, 19.72085517938477), (49.35893206977133, 19.720717257192387), (49.35893206977133, 19.720441412807613), (49.358776477, 19.72030349061523), (49.35862088422867, 19.720441412807613), (49.35862088422867, 19.720717257192387), (49.358776477, 19.72085517938477)]"
M4237,19.47778,48.55524,3641A09000,3641A09100,457001,M4237,91710,3641A09500,3641A00204,Detva,48.56952369,19.50559394,48.52848624,19.45614449,"[(48.55524, 19.478051436308697), (48.555395592771326, 19.477915718154346), (48.555395592771326, 19.477644281845652), (48.55524, 19.477508563691302), (48.55508440722867, 19.477644281845652), (48.55508440722867, 19.477915718154346), (48.55524, 19.478051436308697)]"
M4123,20.521444075,48.659717118,3732A05906,3732A18400,553447,M4123,1891,3732A18802,3732A05906,Rožňava,48.65870333,20.53079177,48.65976862,20.52114258,"[(48.659717118, 20.52171607345535), (48.65987271077133, 20.521580074227675), (48.65987271077133, 20.52130807577233), (48.659717118, 20.52117207654465), (48.659561525228675, 20.52130807577233), (48.659561525228675, 20.521580074227675), (48.659717118, 20.52171607345535)]"
M4105,20.521712777,48.876349357,3712A00300,3712A19100,4784,M4105,3600,3712A05700,3712A25200,Spišská Nová Ves,48.9096564,20.58460439,,,"[(48.876349357, 20.521985951416642), (48.87650494977133, 20.52184936420832), (48.87650494977133, 20.52157618979168), (48.876349357, 20.52143960258336), (48.876193764228674, 20.52157618979168), (48.876193764228674, 20.52184936420832), (48.876349357, 20.521985951416642)]"
M6258,20.581924895,48.961924688,3712A12701,3712A12800,219230,M6258,1920,3712A32500,3712A12400,Spišská Nová Ves,,,,,"[(48.961924688, 20.58219853783891), (48.96208028077133, 20.582061716419457), (48.96208028077133, 20.581788073580544), (48.961924688, 20.58165125216109), (48.961769095228675, 20.581788073580544), (48.961769095228675, 20.582061716419457), (48.961924688, 20.58219853783891)]"
M3440,20.174271162,49.12147859,2733A77001,2733A76900,1121387,M3440,750,2733A00801,2733A08200,Poprad,49.11720771,20.12529219,49.11648944,20.08182181,"[(49.12147859, 20.174545684148452), (49.12163418277133, 20.174408423074226), (49.12163418277133, 20.174133900925774), (49.12147859, 20.17399663985155), (49.121322997228674, 20.174133900925774), (49.121322997228674, 20.174408423074226), (49.12147859, 20.174545684148452)]"
M1208,18.566087791,49.317601264,2542A16400,2542A16500,273480,M1208,93478,2542B00200,2542A15900,Bytča,49.35600886,18.56567071,49.29498394,18.58354351,"[(49.317601264, 18.566363404702425), (49.317756856771325, 18.566225597851215), (49.317756856771325, 18.565949984148787), (49.317601264, 18.565812177297577), (49.31744567122867, 18.565949984148787), (49.31744567122867, 18.566225597851215), (49.317601264, 18.566363404702425)]"
M3182,21.271528385,49.277383136,2742A00902,2742A14900,334198,M3182,1492,2742A03800,2742A17000,Bardejov,49.28166107,21.27307348,49.26890854,21.25596523,"[(49.277383136, 21.271803773891474), (49.277538728771326, 21.271666079445737), (49.277538728771326, 21.271390690554263), (49.277383136, 21.271252996108526), (49.27722754322867, 21.271390690554263), (49.27722754322867, 21.271666079445737), (49.277383136, 21.271803773891474)]"
M3386,20.997178589,48.878808695,3722A00502,3721A27900,8360,M3386,2470,3721A00302,3722A00502,Gelnica,48.87526646,20.99726568,48.88743924,21.00648564,"[(48.878808695, 20.997451776847683), (48.878964287771325, 20.997315182923842), (48.878964287771325, 20.99704199507616), (48.878808695, 20.99690540115232), (48.87865310222867, 20.99704199507616), (48.87865310222867, 20.997315182923842), (48.878808695, 20.997451776847683)]"
M2768,21.00689378,48.629833537,3742A22400,3742A01700,451322,M2768,2530,3723A00300,3742A22300,Košice - okolie,,,,,"[(48.629833537, 21.00716561733466), (48.62998912977133, 21.007029698667328), (48.62998912977133, 21.00675786133267), (48.629833537, 21.006621942665337), (48.629677944228675, 21.00675786133267), (48.629677944228675, 21.007029698667328), (48.629833537, 21.00716561733466)]"
M1327,21.668611514,48.557260497,3831A00700,3832A00500,4352,M1327,2620,3832A00105,3831A01400,Trebišov,48.54800279,21.69110166,,,"[(48.557260497, 21.66888296114954), (48.55741608977133, 21.668747237574767), (48.55741608977133, 21.66847579042523), (48.557260497, 21.668340066850458), (48.55710490422867, 21.66847579042523), (48.55710490422867, 21.668747237574767), (48.557260497, 21.66888296114954)]"
M3929,21.994145752,48.678757672,3814A28502,3832A02600,1324578,M3929,1800,3832A06400,3814A28100,Michalovce,48.64925432,21.99726836,,,"[(48.678757672, 21.99441785325292), (48.67891326477133, 21.99428180262646), (48.67891326477133, 21.994009701373542), (48.678757672, 21.993873650747084), (48.678602079228675, 21.994009701373542), (48.678602079228675, 21.99428180262646), (48.678757672, 21.99441785325292)]"
M1311,21.890653235,49.298042919,2832A23200,2832A23300,352882,M1311,2886,2832A23900,2832A23100,Medzilaborce,49.31856589,21.86790755,49.27559938,21.90134597,"[(49.298042919, 21.890928739312567), (49.298198511771325, 21.890790987156283), (49.298198511771325, 21.890515482843714), (49.298042919, 21.89037773068743), (49.29788732622867, 21.890515482843714), (49.29788732622867, 21.890790987156283), (49.298042919, 21.890928739312567)]"
M5581,17.728957156,48.184389574,4512A23600,4512A23700,508952,M5581,82581,4512A02600,4512A00504,Galanta,48.17558535,17.73011083,48.18881014,17.72607271,"[(48.184389574, 17.7292266227414), (48.18454516677133, 17.7290918893707), (48.18454516677133, 17.7288224226293), (48.184389574, 17.7286876892586), (48.18423398122867, 17.7288224226293), (48.18423398122867, 17.7290918893707), (48.184389574, 17.7292266227414)]"
M2610,18.080036839,48.296010204,4521A00501,4521A00503,1617,M2610,82591,4521A08805,4521A00500,Nitra,48.28396756,18.06745641,,,"[(48.296010204, 18.080306894350347), (48.29616579677133, 18.080171866675173), (48.29616579677133, 18.07990181132483), (48.296010204, 18.079766783649657), (48.29585461122867, 18.07990181132483), (48.29585461122867, 18.080171866675173), (48.296010204, 18.080306894350347)]"
M4621,18.635940025,48.213803476,4522A11200,4522A11301,468706,M4621,82630,4611A02000,4522A11200,Levice,48.19268224,18.70887536,48.21506373,18.63360362,"[(48.213803476, 18.636209646501307), (48.21395906877133, 18.636074835750655), (48.21395906877133, 18.635805214249345), (48.213803476, 18.635670403498693), (48.213647883228674, 18.635805214249345), (48.213647883228674, 18.636074835750655), (48.213803476, 18.636209646501307)]"
M3011,17.097241918,48.162426001,4424A64201,4424A00809,460587,M3011,80122,4424A00103,4424A00801,Bratislava I,48.16693587,17.07885204,48.16174674,17.09993749,"[(48.162426001, 17.097511269343144), (48.16258159377133, 17.097376593671573), (48.16258159377133, 17.09710724232843), (48.162426001, 17.09697256665686), (48.16227040822867, 17.09710724232843), (48.16227040822867, 17.097376593671573), (48.162426001, 17.097511269343144)]"
M3877,17.206146981,48.148388904,4424A30500,4424A61901,460772,M3877,82653,4424A61901,4424A62902,Bratislava II,48.14821222,17.20658072,48.16057374,17.1789097,"[(48.148388904, 17.20641625866366), (48.14854449677133, 17.20628161983183), (48.14854449677133, 17.20601234216817), (48.148388904, 17.20587770333634), (48.14823331122867, 17.20601234216817), (48.14823331122867, 17.20628161983183), (48.148388904, 17.20641625866366)]"
M5772,18.230441138,49.00332177,3521A26200,3521A26301,288337,M5772,93220,3521A03200,2543A00200,Ilava,,,49.02452909,18.20930968,"[(49.00332177, 18.23071500823477), (49.00347736277133, 18.230578073117385), (49.00347736277133, 18.230304202882614), (49.00332177, 18.23016726776523), (49.00316617722867, 18.230304202882614), (49.00316617722867, 18.230578073117385), (49.00332177, 18.23071500823477)]"
M1945,21.783327004,49.256154311,2832A12200,2832A12300,150991,M1945,1680,2832A00200,2832A01100,Stropkov,49.25623668,21.78530637,49.26550834,21.71771978,"[(49.256154311, 21.783602274429246), (49.25630990377133, 21.78346463921462), (49.25630990377133, 21.78318936878538), (49.256154311, 21.783051733570755), (49.255998718228675, 21.78318936878538), (49.255998718228675, 21.78346463921462), (49.256154311, 21.783602274429246)]"
M5316,21.955800084,49.283097923,2832A29700,2832A28100,1054436,M5316,3106,2841A00100,2832A01700,Medzilaborce,49.2882628,22.01549648,49.29004578,21.93424534,"[(49.283097923, 21.956075504805312), (49.28325351577133, 21.955937794402658), (49.28325351577133, 21.95566237359734), (49.283097923, 21.955524663194687), (49.28294233022867, 21.95566237359734), (49.28294233022867, 21.955937794402658), (49.283097923, 21.956075504805312)]"
M1608,21.919972718,48.760147182,3814A05213,3814A45200,642641,M1608,3304,3814A02404,3814A24604,Michalovce,48.76250711,21.92561779,48.75875925,21.91416623,"[(48.760147182, 21.920245259881757), (48.760302774771326, 21.92010898894088), (48.760302774771326, 21.919836447059122), (48.760147182, 21.919700176118244), (48.75999158922867, 21.919836447059122), (48.75999158922867, 21.92010898894088), (48.760147182, 21.920245259881757)]"
M2681,22.178228921,48.762135745,3823A11800,3823A01700,272222,M2681,4140,3823A01700,3823A01500,Sobrance,48.75604653,22.18442857,48.80741971,22.15877942,"[(48.762135745, 22.17850147367224), (48.76229133777133, 22.17836519733612), (48.76229133777133, 22.178092644663877), (48.762135745, 22.177956368327756), (48.76198015222867, 22.178092644663877), (48.76198015222867, 22.17836519733612), (48.762135745, 22.17850147367224)]"
M5686,19.589651817,48.989582193,3621A05200,3621A05100,1342452,M5686,93006,3621A00200,2643A02800,Liptovský Mikuláš,48.96691775,19.572862,49.03180511,19.57290957,"[(48.989582193, 19.589925611704977), (48.989737785771325, 19.589788714352487), (48.989737785771325, 19.589514919647513), (48.989582193, 19.589378022295023), (48.98942660022867, 19.589514919647513), (48.98942660022867, 19.589788714352487), (48.989582193, 19.589925611704977)]"
M3641,17.124204199,48.511099729,3444A19000,3442A34001,426660,M3641,82809,3442A01601,3444A19000,Malacky,48.56102719,17.1315487,48.49675399,17.0952411,"[(48.511099729, 17.124475398777033), (48.51125532177133, 17.124339798888517), (48.51125532177133, 17.124068599111485), (48.511099729, 17.12393299922297), (48.51094413622867, 17.124068599111485), (48.51094413622867, 17.124339798888517), (48.511099729, 17.124475398777033)]"
M7762,17.166080273,48.734720551,3424A15600,3424A02900,259432,M7762,83540,3424A12600,3424A41600,Skalica,48.79744941,17.16592776,48.72388478,17.16083104,"[(48.734720551, 17.166352677014093), (48.73487614377133, 17.166216475007044), (48.73487614377133, 17.165944070992953), (48.734720551, 17.165807868985905), (48.734564958228674, 17.165944070992953), (48.734564958228674, 17.166216475007044), (48.734720551, 17.166352677014093)]"
M6308,18.341897331,48.611166038,3542A15000,3542A15100,398998,M6308,83670,3542A00500,3541A03200,Partizánske,48.62889564,18.35563611,,,"[(48.611166038, 18.34216906782106), (48.61132163077133, 18.34203319941053), (48.61132163077133, 18.341761462589467), (48.611166038, 18.341625594178936), (48.61101044522867, 18.341761462589467), (48.61101044522867, 18.34203319941053), (48.611166038, 18.34216906782106)]"
M2846,19.779670481,48.429625333,3644A10900,3644A31100,255415,M2846,93100,3644A02001,3644A01900,Poltár,48.42742538,19.78413315,48.43026765,19.77430742,"[(48.429625333, 19.779941245687798), (48.429780925771325, 19.7798058633439), (48.429780925771325, 19.7795350986561), (48.429625333, 19.779399716312202), (48.42946974022867, 19.7795350986561), (48.42946974022867, 19.7798058633439), (48.429625333, 19.779941245687798)]"
M5312,17.143498645,48.640265098,3442A16101,3442A16300,283529,M5312,83526,3442A00600,3442A02900,Senica,48.64739699,17.14326716,48.61298265,17.04615551,"[(48.640265098, 17.143770538547503), (48.64042069077133, 17.143634591773754), (48.64042069077133, 17.143362698226248), (48.640265098, 17.1432267514525), (48.64010950522867, 17.143362698226248), (48.64010950522867, 17.143634591773754), (48.640265098, 17.143770538547503)]"
M1255,19.614342336,49.074868863,2643A38000,2643A38100,211300,M1255,93701,2643A09000,2643A01801,Liptovský Mikuláš,49.06851615,19.6144828,49.08104351,19.61918063,"[(49.074868863, 19.61461660047617), (49.07502445577133, 19.614479468238084), (49.07502445577133, 19.614205203761916), (49.074868863, 19.61406807152383), (49.07471327022867, 19.614205203761916), (49.07471327022867, 19.614479468238084), (49.074868863, 19.61461660047617)]"
M3759,20.827624261,49.075461307,2743A17500,2743A01600,405378,M3759,4718,2743B00100,3721A00900,Levoča,49.07736817,20.82931856,49.00598411,20.77647212,"[(49.075461307, 20.827898528747202), (49.075616899771326, 20.8277613948736), (49.075616899771326, 20.8274871271264), (49.075461307, 20.8273499932528), (49.07530571422867, 20.8274871271264), (49.07530571422867, 20.8277613948736), (49.075461307, 20.827898528747202)]"
M6883,20.852886626,49.107855158,2743A05700,2743A05800,292202,M6883,4719,2743A01901,2743B00100,Sabinov,49.14474443,20.85646455,49.07736817,20.82931856,"[(49.107855158, 20.85316107276526), (49.10801075077133, 20.85302384938263), (49.10801075077133, 20.85274940261737), (49.107855158, 20.85261217923474), (49.10769956522867, 20.85274940261737), (49.10769956522867, 20.85302384938263), (49.107855158, 20.85316107276526)]"
M7034,18.214288033,49.228026734,2541A04700,2541A04800,343696,M7034,95940,2541A00300,2543A00700,Púchov,49.29463576,18.23434219,49.19332815,18.21903203,"[(49.228026734, 18.214563146685258), (49.228182326771325, 18.21442558984263), (49.228182326771325, 18.214150476157368), (49.228026734, 18.21401291931474), (49.22787114122867, 18.214150476157368), (49.22787114122867, 18.21442558984263), (49.228026734, 18.214563146685258)]"
M2877,18.238115352,48.707041317,3523A40000,3523A08900,968496,M2877,83656,3523A03902,3523A08200,Bánovce nad Bebravou,48.69380209,18.14778151,48.71082118,18.25218609,"[(48.707041317, 18.23838760615182), (48.707196909771326, 18.238251479075913), (48.707196909771326, 18.23797922492409), (48.707041317, 18.23784309784818), (48.70688572422867, 18.23797922492409), (48.70688572422867, 18.238251479075913), (48.707041317, 18.23838760615182)]"
M5910,18.689811103,48.777865983,3613A02200,3613A23800,6753,M5910,92110,3613A00600,3613A00400,Prievidza,48.76956081,18.75508239,48.77977694,18.69552765,"[(48.777865983, 18.690083741070506), (48.77802157577133, 18.689947422035253), (48.77802157577133, 18.689674783964747), (48.777865983, 18.689538464929495), (48.77771039022867, 18.689674783964747), (48.77771039022867, 18.689947422035253), (48.777865983, 18.690083741070506)]"
M7118,19.561056386,49.366154455,2623A19601,2641A01503,334083,M7118,93930,2641A01503,2623A00303,Tvrdošín,49.35735864,19.54927712,49.36600695,19.61655738,"[(49.366154455, 19.561332271775434), (49.36631004777133, 19.561194328887716), (49.36631004777133, 19.560918443112286), (49.366154455, 19.560780500224567), (49.36599886222867, 19.560918443112286), (49.36599886222867, 19.561194328887716), (49.366154455, 19.561332271775434)]"
M3027,17.316633926,48.137916276,4424J30400,4424A12800,1355402,M3027,85750,4513A03203,4424A02700,Senec,48.14148199,17.33292914,48.12713405,17.29489057,"[(48.137916276, 17.316903148730532), (48.13807186877133, 17.316768537365267), (48.13807186877133, 17.316499314634736), (48.137916276, 17.31636470326947), (48.13776068322867, 17.316499314634736), (48.13776068322867, 17.316768537365267), (48.137916276, 17.316903148730532)]"
M6745,18.165036604,47.864847185,4541A15100,4541A00700,367383,M6745,83070,4541A00700,4541A05500,Komárno,47.86020427,18.17739268,47.91999548,18.13330876,"[(47.864847185, 18.16530440538995), (47.86500277777133, 18.165170504694977), (47.86500277777133, 18.164902703305025), (47.864847185, 18.164768802610052), (47.864691592228674, 18.164902703305025), (47.864691592228674, 18.165170504694977), (47.864847185, 18.16530440538995)]"
M220,19.13166,48.57483,3632A06704,3632A33600,651260,M220,93351,3632A17100,3632A01103,Zvolen,48.57332158,19.14450802,48.57365524,19.1264495,"[(48.57483, 19.13193154146829), (48.57498559277133, 19.131795770734144), (48.57498559277133, 19.131524229265857), (48.57483, 19.13138845853171), (48.57467440722867, 19.131524229265857), (48.57467440722867, 19.131795770734144), (48.57483, 19.13193154146829)]"
M1902,21.257859844,48.98070963,3722A28700,3722A28800,452079,M1902,3511,3722A52702,3722A01600,Prešov,48.9776498,21.26396689,,,"[(48.98070963, 21.258133589960835), (48.98086522277133, 21.25799671698042), (48.98086522277133, 21.25772297101958), (48.98070963, 21.257586098039162), (48.98055403722867, 21.25772297101958), (48.98055403722867, 21.25799671698042), (48.98070963, 21.258133589960835)]"
M5676,21.344484887,48.604537087,3831A21000,3831A21100,451447,M5676,5450,3831A02100,3742A03600,Košice - okolie,48.60434018,21.34656488,48.60706006,21.32266482,"[(48.604537087, 21.344756588152844), (48.604692679771325, 21.344620737576424), (48.604692679771325, 21.344349036423576), (48.604537087, 21.344213185847156), (48.60438149422867, 21.344349036423576), (48.60438149422867, 21.344620737576424), (48.604537087, 21.344756588152844)]"
M7568,17.648654846,48.676033618,3531A07900,3531A08100,192295,M7568,85150,3514A05603,3531A05600,Myjava,48.68907928,17.67885063,48.67160087,17.59987754,"[(48.676033618, 17.648926932539485), (48.67618921077133, 17.64879088926974), (48.67618921077133, 17.64851880273026), (48.676033618, 17.648382759460514), (48.67587802522867, 17.64851880273026), (48.67587802522867, 17.64879088926974), (48.676033618, 17.648926932539485)]"
M7368,17.225389852,48.2139548,4422B00400,4422A88802,1225159,M7368,86210,4422B00700,4422A00700,Pezinok,48.21688232,17.17845336,48.23468002,17.24918771,"[(48.2139548, 17.225659474298133), (48.21411039277133, 17.225524663149066), (48.21411039277133, 17.225255040850932), (48.2139548, 17.225120229701865), (48.213799207228675, 17.225255040850932), (48.213799207228675, 17.225524663149066), (48.2139548, 17.225659474298133)]"
M7109,17.042860053,48.442340015,3444A23600,3444A23900,429551,M7109,82791,3444A24000,3444A02203,Malacky,48.44445237,17.0594049,48.44085663,17.02545879,"[(48.442340015, 17.043130885458684), (48.44249560777133, 17.042995469229343), (48.44249560777133, 17.042724636770654), (48.442340015, 17.042589220541313), (48.44218442222867, 17.042724636770654), (48.44218442222867, 17.042995469229343), (48.442340015, 17.043130885458684)]"
M1699,17.914332134,48.178996445,4514A31100,4512A09300,934282,M1699,83930,4512B00600,4514A00506,Šaľa,48.18445947,17.92411919,48.16864837,17.89537955,"[(48.178996445, 17.91460157239267), (48.17915203777133, 17.914466853196334), (48.17915203777133, 17.914197414803663), (48.178996445, 17.914062695607328), (48.178840852228674, 17.914197414803663), (48.178840852228674, 17.914466853196334), (48.178996445, 17.91460157239267)]"
M3649,19.83353098,48.424900523,3644A34100,3644A03200,1343302,M3649,93299,3644A03400,3644A14800,Poltár,48.43255454,19.85962587,48.41977484,19.82512839,"[(48.424900523, 19.833801719515993), (48.425056115771326, 19.833666349757998), (48.425056115771326, 19.833395610242), (48.424900523, 19.833260240484005), (48.42474493022867, 19.833395610242), (48.42474493022867, 19.833666349757998), (48.424900523, 19.833801719515993)]"
M57,18.41508639,48.400376624,3544A20700,3544A20800,285962,M57,83901,3544A01807,3544A21800,Zlaté Moravce,48.4030062,18.41221806,48.38279775,18.39697517,"[(48.400376624, 18.415356998967667), (48.40053221677133, 18.415221694483833), (48.40053221677133, 18.414951085516165), (48.400376624, 18.41481578103233), (48.400221031228675, 18.414951085516165), (48.400221031228675, 18.415221694483833), (48.400376624, 18.415356998967667)]"
M6054,17.736200931,48.366081596,3534A03600,3534A04900,1115,M6054,85170,4512A03900,3534A02103,Hlohovec,48.32511013,17.72537116,48.43545438,17.76835791,"[(48.366081596, 17.73647135769861), (48.36623718877133, 17.736336144349305), (48.36623718877133, 17.736065717650693), (48.366081596, 17.73593050430139), (48.36592600322867, 17.736065717650693), (48.36592600322867, 17.736336144349305), (48.366081596, 17.73647135769861)]"
M1762,18.755074446,48.972978068,3611A05900,3611A06100,2498,M1762,93219,3611A06300,3611B00200,Martin,48.96976853,18.81212411,48.95067942,18.70436093,"[(48.972978068, 18.755348149504634), (48.97313366077133, 18.755211297752318), (48.97313366077133, 18.75493759424768), (48.972978068, 18.754800742495362), (48.972822475228675, 18.75493759424768), (48.972822475228675, 18.755211297752318), (48.972978068, 18.755348149504634)]"
M4684,19.288210859,49.424874048,2614A06600,2614A10700,334242,M4684,94890,2614A00500,2614A00100,Námestovo,49.45740093,19.22665933,49.3853475,19.3040286,"[(49.424874048, 19.28848707480076), (49.42502964077133, 19.28834896690038), (49.42502964077133, 19.28807275109962), (49.424874048, 19.28793464319924), (49.42471845522867, 19.28807275109962), (49.42471845522867, 19.28834896690038), (49.424874048, 19.28848707480076)]"
M1296,20.302391698,48.53908423,3731A02200,3731A01300,4207,M1296,5100,3731A01300,3731A02200,Revúca,48.53841895,20.29826277,48.54758669,20.30312936,"[(48.53908423, 20.30266304766926), (48.53923982277133, 20.30252737283463), (48.53923982277133, 20.302256023165373), (48.53908423, 20.302120348330742), (48.53892863722867, 20.302256023165373), (48.53892863722867, 20.30252737283463), (48.53908423, 20.30266304766926)]"
M634,20.79139682,49.288295049,2741A03801,2741A03900,5173,M634,5180,2741A01203,2741A04301,Stará Ľubovňa,49.27514029,20.7809642,49.34081514,20.80116174,"[(49.288295049, 20.791672269837115), (49.28845064177133, 20.79153454491856), (49.28845064177133, 20.79125909508144), (49.288295049, 20.791121370162884), (49.28813945622867, 20.79125909508144), (49.28813945622867, 20.79153454491856), (49.288295049, 20.791672269837115)]"
M6688,20.932527264,48.848681353,3723A02303,3721A23102,310970,M6688,3731,3721A23300,3723A02303,Gelnica,48.85472183,20.91935944,48.84844313,20.93275743,"[(48.848681353, 20.932800287440568), (48.84883694577133, 20.932663775720282), (48.84883694577133, 20.93239075227972), (48.848681353, 20.932254240559434), (48.848525760228675, 20.93239075227972), (48.848525760228675, 20.932663775720282), (48.848681353, 20.932800287440568)]"
M917,21.71719906,48.635651368,3832A32500,3832A06301,1070615,M917,5711,3832A14300,3832A01700,Trebišov,48.63782206,21.73270233,48.63801215,21.71655278,"[(48.635651368, 21.717470928681387), (48.635806960771326, 21.717334994340693), (48.635806960771326, 21.717063125659305), (48.635651368, 21.71692719131861), (48.63549577522867, 21.717063125659305), (48.63549577522867, 21.717334994340693), (48.635651368, 21.717470928681387)]"
M4021,21.700833584,48.985932049,3812A06503,3812A29100,6194,M4021,5480,3812A06503,2833A05003,Vranov nad Topľou,48.97452061,21.70789171,49.05602455,21.60143348,"[(48.985932049, 21.701107358648898), (48.98608764177133, 21.70097047132445), (48.98608764177133, 21.700696696675553), (48.985932049, 21.700559809351105), (48.98577645622867, 21.700696696675553), (48.98577645622867, 21.70097047132445), (48.985932049, 21.701107358648898)]"
M1933,17.562174361,48.767957281,3513A32600,3513A32700,192420,M1933,83981,3513A32800,3513A02104,Myjava,48.77153376,17.56223981,48.75559222,17.56701583,"[(48.767957281, 17.562446945268285), (48.76811287377133, 17.562310653134144), (48.76811287377133, 17.562038068865856), (48.767957281, 17.561901776731716), (48.76780168822867, 17.562038068865856), (48.76780168822867, 17.562310653134144), (48.767957281, 17.562446945268285)]"
M5626,21.203522359,48.647647661,3742A36502,3742A01509,733204,M5626,620,3742A01402,3724A00101,Košice II,48.64162245,21.20091609,48.6792628,21.21402752,"[(48.647647661, 21.203794292349624), (48.64780325377133, 21.203658325674812), (48.64780325377133, 21.20338639232519), (48.647647661, 21.203250425650378), (48.64749206822867, 21.20338639232519), (48.64749206822867, 21.203658325674812), (48.647647661, 21.203794292349624)]"
